customerID,split
8952-WCVCD,train
2817-NTQDO,train
5236-PERKL,train
7089-IVVAZ,train
9554-DFKIC,train
7486-KSRVI,train
0310-VQXAM,train
7225-CBZPL,train
9444-JTXHZ,train
4676-WLUHT,train
6854-EXGSF,train
7047-FWEYA,train
3594-KADLU,train
7074-IEVOJ,train
5207-PLSTK,train
0947-MUGVO,train
2968-SSGAA,train
5276-KQWHG,train
4138-NAXED,train
2208-NKVVH,train
9986-BONCE,train
4145-UQXUQ,train
5178-LMXOP,train
4013-TLDHQ,train
2739-CCZMB,train
9445-SZLCH,train
2828-SLQPF,train
6474-FVJLC,train
6416-YJTTB,train
3292-PBZEJ,train
9367-TCUYN,train
8734-DKSTZ,train
1293-HHSHJ,train
5597-GLBUC,train
6762-NSODU,train
4505-EXZHB,train
1197-BVMVG,train
5320-BRKGK,train
1494-EJZDW,train
8399-YNDCH,train
7319-ZNRTR,train
9931-KGHOA,train
0107-WESLM,train
1257-SXUXQ,train
0742-NXBGR,train
3186-BAXNB,train
8450-JOVAH,train
5124-EOGYE,train
3891-PUQOD,train
6180-YBIQI,train
4088-YLDSU,train
2504-DSHIH,train
7250-EQKIY,train
0265-PSUAE,train
5095-AESKG,train
4903-UYAVB,train
3452-ABWRL,train
2640-LYMOV,train
7967-HYCDE,train
6625-UTXEW,train
7879-CGSFV,train
6581-NQCBA,train
9237-HQITU,train
5609-CEBID,train
6278-FEPBZ,train
8387-UGUSU,train
9274-UARKJ,train
2263-SFSQZ,train
9348-ROUAI,train
7969-AULMZ,train
7148-XZPHA,train
7401-RUBNK,train
6870-ECSHE,train
7249-WBIYX,train
9548-LERKT,train
3969-JQABI,train
5955-ERIHD,train
8757-TFHHJ,train
0042-JVWOJ,train
9522-BNTHX,train
1322-AGOQM,train
5546-BYZSM,train
2782-JEEBU,train
2321-OMBXY,train
8988-ECPJR,train
0839-QNXME,train
6568-POCUI,train
3474-BAFSJ,train
4804-NCPET,train
4353-HYOJD,train
8595-SIZNC,train
8958-JPTRR,train
6447-EGDIV,train
4023-RTIQM,train
8580-AECUZ,train
7446-YPODE,train
6981-TDRFT,train
5022-KVDQT,train
5394-SVGJV,train
8873-GLDMH,train
8097-VBQTZ,train
2187-PKZAY,train
3462-BJQQA,train
9355-NPPFS,train
9565-AXSMR,train
0023-XUOPT,train
0835-DUUIQ,train
0856-NAOES,train
7854-EKTJL,train
5542-NKVRU,train
8417-FMLZI,train
1219-NNDDO,train
1697-NVVGY,train
9290-SHCMB,train
1384-RCUXW,train
0519-XUZJU,train
6397-JNZZG,train
5153-RTHKF,train
8879-ZKJOF,train
0666-UXTJO,train
0909-SDHNU,train
5278-PNYOX,train
4433-JCGCG,train
8087-LGYHQ,train
0018-NYROU,train
5924-SNGKP,train
6032-KRXXO,train
3647-GMGDH,train
5989-OMNJE,train
2967-MXRAV,train
1965-AKTSX,train
0750-EKNGL,train
2709-UQGNP,train
5396-IZEPB,train
4283-IVYCI,train
2933-FILNV,train
0237-YFUTL,train
7206-PQBBZ,train
1596-OQSPS,train
2122-YWVYA,train
1918-ZBFQJ,train
0212-ISBBF,train
9250-WYPLL,train
2778-OCLGR,train
2665-NPTGL,train
2450-ZKEED,train
1335-NTIUC,train
0440-QEXBZ,train
6769-DYBQN,train
2673-CXQEU,train
3068-OMWZA,train
1760-CAZHT,train
5167-ZFFMM,train
0318-ZOPWS,train
8450-LUGUK,train
7130-YXBRO,train
8329-IBCTI,train
0106-GHRQR,train
2696-NARTR,train
8739-WWKDU,train
5343-SGUBI,train
2275-RBYQS,train
6496-SLWHQ,train
3389-YGYAI,train
6400-BWQKW,train
9881-VCZEP,train
2817-LVCPP,train
7552-KEYGT,train
9897-KXHCM,train
8791-GFXLZ,train
7764-BDPEE,train
4521-WFJAI,train
8496-DMZUK,train
1902-XBTFB,train
4893-GYUJU,train
2796-NNUFI,train
8800-ZKRFW,train
1216-BGTSP,train
7956-XQWGU,train
6652-YFFJO,train
3208-YPIOE,train
8745-PVESG,train
5451-MHQOF,train
4791-QRGMF,train
4872-VXRIL,train
1722-LDZJS,train
5640-CAXOA,train
9588-YRFHY,train
4673-KKSLS,train
3753-TSEMP,train
2731-GJRDG,train
4360-PNRQB,train
7696-CFTAT,train
3091-FYHKI,train
8404-FYDIB,train
0356-OBMAC,train
7825-GKXMW,train
4948-WBBKL,train
4211-MMAZN,train
9574-RKJIF,train
8329-GWVPJ,train
7074-STDCN,train
3873-NFTGI,train
6261-LHRTG,train
7621-VPNET,train
4094-NSEDU,train
2466-FCCPT,train
5780-INQIK,train
9975-SKRNR,train
5468-BPMMO,train
7103-IPXPJ,train
1051-GEJLJ,train
1771-OADNZ,train
7622-NXQZR,train
9391-TTOYH,train
1436-ZMJAN,train
8189-HBVRW,train
5985-TBABQ,train
8481-YYXWG,train
0491-KAPQG,train
9026-LHEVG,train
9661-JALZV,train
6352-TWCAU,train
3486-KHMLI,train
2832-SCUCO,train
5393-HJZSM,train
8450-UYIBU,train
5133-VRSAB,train
9415-DPEWS,train
4629-NRXKX,train
4086-ATNFV,train
2468-SJFLM,train
6893-ODYYE,train
7129-CAKJW,train
0670-KDOMA,train
9470-XCCEM,train
3724-UCSHY,train
5685-IIXLY,train
8123-QBNAZ,train
5561-NWEVX,train
3750-CKVKH,train
2159-TURXX,train
4855-SNKMY,train
7338-ERIVA,train
4139-SUGLD,train
5777-KJIRB,train
6131-JLWZM,train
3866-MDTUB,train
1226-IENZN,train
0793-TWELN,train
6668-CNMFP,train
4931-TRZWN,train
5857-TYBCJ,train
2538-OIMXF,train
9500-LTVBP,train
5828-AVIPD,train
4134-BSXLX,train
6080-TCMYC,train
2115-BFTIW,train
4274-OWWYO,train
2294-SALNE,train
6437-UKHMV,train
6713-OKOMC,train
8017-LXHFA,train
9170-ARBTB,train
3540-RZJYU,train
0723-FDLAY,train
6103-QCKFX,train
5073-RZGBK,train
8627-ZYGSZ,train
0607-DAAHE,train
8008-OTEZX,train
2186-QZEYA,train
3307-TLCUD,train
1043-YCUTE,train
6061-GWWAV,train
5242-UOWHD,train
9842-EFSYY,train
5122-CYFXA,train
7950-XWOVN,train
8404-GFGCZ,train
3211-AAPKX,train
0337-CNPZE,train
7890-VYYWG,train
2514-GINMM,train
3536-IQCTX,train
4979-HPRFL,train
6082-GLJIX,train
8710-YGLWG,train
7394-FKDNK,train
0289-IVARM,train
6464-KEXXH,train
0228-MAUWC,train
1585-MQSSU,train
1131-ALZWV,train
9018-PCIOK,train
7718-RXDGG,train
1763-WQFUK,train
2320-TZRRH,train
2990-HWIML,train
4342-HENTK,train
7109-MFBYV,train
4971-PUYQO,train
1400-MMYXY,train
9658-WYUFB,train
6563-VNPMN,train
5996-NRVXR,train
0519-DRGTI,train
3776-EKTKM,train
0068-FIGTF,train
4526-EXKKN,train
5014-GSOUQ,train
0187-WZNAB,train
2359-KMGLI,train
6101-IMRMM,train
1354-YZFNB,train
5846-QFDFI,train
3737-GCSPV,train
9448-REEVD,train
7145-FEJWU,train
2680-XKKNJ,train
2931-SVLTV,train
8328-SKJNO,train
3158-MOERK,train
2400-FEQME,train
8625-AZYZY,train
9715-SBVSU,train
7311-MQJCH,train
1074-WVEVG,train
7016-NVRIC,train
2123-VSCOT,train
7639-LIAYI,train
6005-OBZPH,train
9530-EHPOH,train
4844-JJWUY,train
1925-GMVBW,train
2843-CQMEG,train
0365-TRTPY,train
4797-AXPXK,train
2195-ZRVAX,train
4609-KNNWG,train
5627-TVBPP,train
9967-ATRFS,train
2789-HQBOU,train
1866-ZSLJM,train
6112-KTHFQ,train
8631-WUXGY,train
0812-WUPTB,train
1456-TWCGB,train
3672-YITQD,train
5018-GWURO,train
1536-HBSWP,train
5146-CBVOE,train
9786-IJYDL,train
8687-BAFGU,train
1428-IEDPR,train
2969-QWUBZ,train
4869-EPIUS,train
4324-BZCKL,train
9714-EDSUC,train
0442-TDYUO,train
3014-WJKSM,train
7562-GSUHK,train
6765-MBQNU,train
1567-DSCIC,train
2908-WGAXL,train
5712-AHQNN,train
5046-NUHWD,train
0787-LHDYT,train
9661-MHUMO,train
0603-TPMIB,train
9450-TRJUU,train
3717-OFRTN,train
3797-VTIDR,train
3440-JPSCL,train
8473-VUVJN,train
5376-DEQCP,train
0369-ZGOVK,train
5599-HVLTW,train
5269-NRGDP,train
5170-PTRKA,train
2237-ZFSMY,train
1104-FEJAM,train
0549-CYCQN,train
0925-VYDLG,train
4815-TUMEQ,train
1360-JYXKQ,train
2430-USGXP,train
2911-IJORQ,train
6900-RBKER,train
5951-AOFIH,train
0732-OCQOC,train
2397-BRLOM,train
1684-FLBGS,train
1363-TXLSL,train
0754-EEBDC,train
9837-BMCLM,train
2311-QYMUQ,train
1996-DBMUS,train
0621-TWIEM,train
1622-HSHSF,train
5028-HTLJB,train
6479-OAUSD,train
2070-XYMFH,train
9578-FOMUK,train
6752-APNJL,train
8149-RSOUN,train
1089-XZWHH,train
6017-PPLPX,train
6229-LSCKB,train
0945-TSONX,train
7216-EWTRS,train
3757-NJYBX,train
0489-WMEMG,train
8205-OTCHB,train
0877-SDMBN,train
6603-YRDCJ,train
0191-EQUUH,train
2640-PMGFL,train
2305-MRGLV,train
7966-YOTQW,train
8292-FRFZQ,train
7102-JJVTX,train
1552-AAGRX,train
3976-NLDEZ,train
2351-RRBUE,train
5136-KCKGI,train
2995-UPRYS,train
5228-EXCET,train
7861-UVUFT,train
2105-PHWON,train
5701-YVSVF,train
9972-VAFJJ,train
5624-RYAMH,train
5499-ECUTN,train
9419-IPPBE,train
3658-KIBGF,train
4338-EYCER,train
8402-OOOHJ,train
5651-CRHKQ,train
6366-ZGQGL,train
9938-EKRGF,train
5857-XRECV,train
2619-WFQWU,train
3161-GETRM,train
9845-PEEKO,train
8805-JNRAZ,train
8225-BTJAU,train
4817-VYYWS,train
8981-FJGLA,train
0406-BPDVR,train
5968-VXZLG,train
6849-WLEYG,train
8374-XGEJJ,train
6434-TTGJP,train
2043-WVTQJ,train
1447-PJGGA,train
0354-WYROK,train
7016-BPGEU,train
8314-DPQHL,train
0680-DFNNY,train
2055-PDADH,train
4459-BBGHE,train
4661-NJEUX,train
2608-BHKFN,train
6087-MVHJH,train
7938-OUHIO,train
4913-EHYUI,train
6772-KSATR,train
8748-HFWBO,train
2320-SLKMB,train
6490-FGZAT,train
0219-QAERP,train
0848-ZGQIJ,train
7601-WFVZV,train
3038-PQIUY,train
6745-JEFZB,train
9601-BRXPO,train
9643-AVVWI,train
5240-CAOYT,train
0463-ZSDNT,train
1254-IZEYF,train
4847-TAJYI,train
9565-DJPIB,train
5562-YJQGT,train
5977-CKHON,train
5840-NVDCG,train
8849-GYOKR,train
5701-SVCWR,train
6557-BZXLQ,train
3197-ARFOY,train
4763-PGDPO,train
5482-VXSXJ,train
0727-BMPLR,train
7783-YKGDV,train
5357-TZHPP,train
0969-RGKCU,train
0396-HUJBP,train
7137-RYLPP,train
6302-JGYRJ,train
5707-ORNDZ,train
5935-FCCNB,train
6198-PNNSZ,train
4325-NFSKC,train
2227-JRSJX,train
5453-AXEPF,train
6317-YPKDH,train
6857-VWJDT,train
0564-JJHGS,train
9708-KFDBY,train
3284-SVCRO,train
5567-GZKQY,train
5759-RCVCB,train
8017-UVSZU,train
8663-UPDGF,train
7096-UCLNH,train
7979-CORPM,train
1213-NGCUN,train
3842-QTGDL,train
0139-IVFJG,train
1095-JUDTC,train
3488-PGMQJ,train
7242-QZLXF,train
1084-UQCHV,train
3345-JHUEO,train
8963-JLGJT,train
0661-XEYAN,train
0550-DCXLH,train
3143-ILDAL,train
0156-FVPTA,train
5692-ICXLW,train
7228-PAQPD,train
5134-IKDAY,train
9121-PHQSR,train
7240-ETPTR,train
9058-MJLZC,train
0495-RVCBF,train
5726-CVNYA,train
1172-VIYBP,train
3030-YDNRM,train
2877-VDUER,train
6402-EJMWF,train
6203-HBZPA,train
5325-UWTWJ,train
0117-LFRMW,train
0354-VXMJC,train
7036-ZZKBD,train
2810-FTLEM,train
1077-HUUJM,train
8387-MOJJT,train
7855-DIWPO,train
0488-GSLFR,train
2774-LVQUS,train
1766-GKNMI,train
0947-IDHRQ,train
4816-JBHOV,train
9231-ZJYAM,train
9591-YVTEB,train
0817-HSUSE,train
5498-TXHLF,train
9518-XXBXE,train
2612-RANWT,train
1932-UEDCX,train
3966-HRMZA,train
6374-AFWOX,train
3550-SAHFP,train
2013-SGDXK,train
1389-WNUIB,train
0376-YMCJC,train
7802-EFKNY,train
0023-UYUPN,train
9207-ZPANB,train
8668-KNZTI,train
7841-FCRQD,train
7609-NRNCA,train
5180-UCIIQ,train
9985-MWVIX,train
7048-GXDAY,train
2985-FMWYF,train
5016-IBERQ,train
2858-MOFSQ,train
8755-OGKNA,train
1178-PZGAB,train
8229-MYEJZ,train
4986-MXSFP,train
4647-MUZON,train
6231-WFGFH,train
8104-OSKWT,train
8999-EXMNO,train
4912-PIGUY,train
7075-BNDVQ,train
7576-JMYWV,train
6331-EWIEB,train
7617-EYGLW,train
6506-EYCNH,train
4210-QFJMF,train
4730-AWNAU,train
8603-IJWDN,train
5868-YTYKS,train
1661-CZBAU,train
1552-TKMXS,train
9747-DDZOS,train
4774-HHGGS,train
3932-CMDTD,train
0585-EGDDA,train
2606-RMDHZ,train
3863-QSTYI,train
3352-ALMCK,train
8637-XJIVR,train
6032-IGALN,train
9221-OTIVJ,train
4301-VVZKA,train
1370-GGAWX,train
2108-XWMPY,train
3683-QKIUE,train
5792-JALQC,train
1777-JYQPJ,train
3521-MNKLV,train
5075-JSDKI,train
3249-ZPQRG,train
1563-IWQEX,train
5199-FPUSP,train
1541-ETJZO,train
8909-BOLNL,train
6258-NGCNG,train
0031-PVLZI,train
6435-SRWBJ,train
5127-BZENZ,train
4369-HTUIF,train
6941-PMGEP,train
2037-SGXHH,train
9108-EQPNQ,train
0377-JBKKT,train
4137-JOPHL,train
7409-JURKQ,train
7851-WZEKY,train
5351-QESIO,train
4750-ZRXIU,train
7407-SUJIZ,train
1260-TTRXI,train
0690-SRQID,train
5834-ASPWA,train
2082-CEFLT,train
6923-AQONU,train
8874-EJNSR,train
2108-YKQTY,train
2873-ZLIWT,train
2111-DWYHN,train
2972-YDYUW,train
6060-DRTNL,train
1226-JZNKR,train
3589-PPVKW,train
5173-WXOQV,train
2586-CWXVV,train
9079-LWTFD,train
8128-YVJRG,train
5203-XEHAX,train
7916-VCCPB,train
6313-GIDIT,train
1790-NESIO,train
0778-NELLA,train
9490-DFPMD,train
6923-JHPMP,train
9039-RBEEE,train
0318-QUUOB,train
2486-WYVVE,train
6016-NXBNJ,train
6743-HHQPF,train
1285-OKIPP,train
8711-LOBKY,train
8194-PEEBY,train
7459-RRWQZ,train
0422-OHQHQ,train
4905-JEFDW,train
9529-OFXHY,train
8295-KMENE,train
5914-GXMDA,train
4010-YLMVT,train
2302-ANTDP,train
3090-LETTY,train
6486-LHTMA,train
0968-GSIKN,train
0260-ZDLGK,train
5986-WWXDV,train
5027-YOCXN,train
3808-HFKDE,train
4374-YMUSQ,train
9462-MJUAW,train
5143-WMWOG,train
3990-QYKBE,train
1894-IGFSG,train
6407-GSJNL,train
6328-ZPBGN,train
4976-LNFVV,train
6267-DCFFZ,train
3758-CKOQL,train
4256-ZWTZI,train
3146-JTQHR,train
8610-WFCJF,train
4248-QPAVC,train
1956-YIFGE,train
4598-XLKNJ,train
4365-MSDYN,train
6360-SVNWV,train
2657-VPXTA,train
1591-MQJTP,train
1612-EOHDH,train
2103-ZRXFN,train
6000-UKLWI,train
5600-PDUJF,train
9948-YPTDG,train
6427-FEFIG,train
9097-ZUBYC,train
4854-SSLTN,train
3422-LYEPQ,train
3070-FNFZQ,train
4415-WNGVR,train
4807-IZYOZ,train
5862-BRIXZ,train
2460-NGXBJ,train
5226-NOZFC,train
5641-DMBFJ,train
1432-FPAXX,train
1513-XNPPH,train
2472-OVKUP,train
4702-IOQDC,train
5383-MMTWC,train
9378-FXTIZ,train
6551-VLJMV,train
0637-KVDLV,train
6140-QNRQQ,train
1608-GMEWB,train
0749-IRGQE,train
5522-JBWMO,train
0137-UDEUO,train
2346-CZYIL,train
5402-HTOTQ,train
7517-LDMPS,train
6230-BSUXY,train
9447-YPTBX,train
9138-EFSMO,train
8705-WZCYL,train
5549-ZGHFB,train
5087-SUURX,train
8080-POTJR,train
4248-HCETZ,train
5302-BDJNT,train
3167-SNQPL,train
5567-WSELE,train
4603-JANFB,train
6390-DSAZX,train
5197-YPYBZ,train
4289-DTDKW,train
7786-WBJYI,train
1810-MVMAI,train
4581-SSPWD,train
9799-CAYJJ,train
6289-CPNLD,train
7234-KMNRQ,train
6481-LXPWL,train
0723-VSOBE,train
9025-AOMKI,train
7010-ZMVBF,train
3714-XPXBW,train
3941-XTSKM,train
4922-CVPDX,train
0942-KOWSM,train
9086-YJYXS,train
6416-JNVRK,train
6960-HVYXR,train
2585-KTFRE,train
5445-UTODQ,train
2809-ZMYOQ,train
1268-ASBGA,train
7797-EJMDP,train
0178-SZBHO,train
5887-IKKYO,train
5788-YPOEG,train
7548-SEPYI,train
6968-URWQU,train
8969-PRHFK,train
9220-ZNKJI,train
2165-VOEGB,train
4994-OBRSZ,train
2856-HYAPG,train
4518-FZBSX,train
7845-URHJN,train
2346-DJQTB,train
7094-MSZAO,train
9947-OTFQU,train
5092-STPKP,train
1866-RZZQS,train
7025-IWFHT,train
5960-MVTUK,train
3656-TKRVZ,train
4468-KAZHE,train
0481-SUMCB,train
6777-TGHTM,train
1142-IHLOO,train
7488-MXJIV,train
7470-DYNOE,train
3370-GQEAL,train
6910-HADCM,train
1657-DYMBM,train
1345-ZUKID,train
3518-PZXZQ,train
7217-JYHOQ,train
8699-ASUFO,train
7912-SYRQT,train
4801-JZAZL,train
5140-FOMCQ,train
5692-FPTAH,train
3701-SFMUH,train
2495-TTHBQ,train
9931-DCEZH,train
0866-QLSIR,train
3424-NMNBO,train
5522-NYKPB,train
1729-VLAZJ,train
0096-FCPUF,train
7219-TLZHO,train
9793-WECQC,train
1088-AUUZZ,train
2888-ADFAO,train
3675-EQOZA,train
6924-TDGMT,train
5370-IIVVL,train
0723-DRCLG,train
6625-FLENO,train
1796-JANOW,train
6959-UWKHF,train
6579-JPICP,train
4871-JTKJF,train
0818-OCPZO,train
6693-FRIRW,train
9512-PHSMG,train
9547-ITEFG,train
0899-LIIBW,train
8884-MRNSU,train
7670-ZBPOQ,train
7130-VTEWQ,train
2212-LYASK,train
1508-DFXCU,train
5843-TTHGI,train
8571-ZCMCX,train
5439-WIKXB,train
3824-RHKVR,train
1564-HJUVY,train
2842-JTCCU,train
6956-SMUCM,train
3258-SANFR,train
4143-OOBWZ,train
7252-NTGSS,train
1177-XZBJL,train
2428-ZMCTB,train
2978-XXSOG,train
6974-DAFLI,train
8421-WZOOW,train
3190-XFANI,train
4646-QZXTF,train
9294-TDIPC,train
0080-OROZO,train
1022-RKXDR,train
9388-ZEYVT,train
3764-MNMOI,train
2519-TWKFS,train
1304-NECVQ,train
0930-EHUZA,train
7629-WFGLW,train
1385-TQOZW,train
6475-VHUIZ,train
5868-CZJDR,train
1696-MZVAU,train
3523-QRQLL,train
3247-MHJKM,train
4612-THJBS,train
2027-DNKIV,train
4484-GLZOU,train
7291-CDTMJ,train
3074-GQWYX,train
3721-CNZHX,train
1809-DMJHQ,train
8746-BFOAJ,train
7279-NMVJC,train
8174-LNWMW,train
5175-WLYXL,train
9572-WUKSB,train
6292-TOSSS,train
1169-SAOCL,train
2750-BJLSB,train
8887-IPQNC,train
7434-SHXLS,train
7005-CCBKV,train
4425-OWHWB,train
5696-EXCYS,train
7310-EGVHZ,train
5529-GIBVH,train
8219-VYBVI,train
1409-PHXTF,train
6771-XWBDM,train
5384-ZTTWP,train
9163-GHAYE,train
5196-SGOAK,train
2026-TGDHM,train
8124-NZVGJ,train
3605-JISKB,train
2860-RANUS,train
9743-DQKQW,train
8717-VCTXJ,train
8118-LSUEL,train
3807-BPOMJ,train
2058-DCJBE,train
2276-YDAVZ,train
8999-BOHSE,train
5712-VBOXD,train
1091-SOZGA,train
5195-KPUNQ,train
0716-BQNDX,train
1016-DJTSV,train
5044-XDPYX,train
1496-GGSUK,train
3865-ZFZIB,train
5537-UXXVS,train
5043-TRZWM,train
0872-JCPIB,train
2207-RYYRL,train
2592-SEIFQ,train
2017-CCBLH,train
6551-GNYDG,train
0396-YCHWO,train
5696-QURRL,train
4847-QNOKA,train
5948-UJZLF,train
4234-XTNEA,train
6286-ZHAOK,train
1522-VVDMG,train
9367-WXLCH,train
0829-XXPLX,train
8903-WMRNW,train
8878-HMWBV,train
9764-REAFF,train
2408-TZMJL,train
7977-HXJKU,train
2178-PMGCJ,train
4980-URKXC,train
2324-AALNO,train
3806-YAZOV,train
2501-XWWTZ,train
7954-MLBUN,train
9033-EOXWV,train
8861-HGGKB,train
0420-BWTPW,train
1875-QIVME,train
6986-IJDHX,train
8120-JDCAM,train
3005-NFMTA,train
7909-FIOIY,train
7554-NEWDD,train
4622-YNKIJ,train
9139-WQQDY,train
3703-KBKZP,train
5577-OTWWW,train
5089-IFSDP,train
5028-GZLDO,train
2039-JONDJ,train
0334-ZFJSR,train
1791-PQHBB,train
9732-KPKBW,train
6696-YDAYZ,train
4121-AGSIN,train
0362-RAOQO,train
7878-RTCZG,train
7771-ZONAT,train
3026-ATZYV,train
3546-GHEAE,train
9617-UDPEU,train
5606-AMZBO,train
0303-UNCIP,train
9992-UJOEL,train
0148-DCDOS,train
7164-BPTUT,train
3671-SHRSP,train
9432-RUVSL,train
3312-UUMZW,train
9367-OIUXP,train
3914-FDRHP,train
3606-SBKRY,train
9279-CJEOJ,train
8224-UAXBZ,train
3280-MRDOF,train
7162-WPHPM,train
9531-NSBMR,train
5215-LNLDJ,train
0089-IIQKO,train
0682-USIXD,train
1301-LOPVR,train
5442-BXVND,train
6000-APYLU,train
9473-CBZOP,train
5448-VWNAM,train
4910-AQFFX,train
3194-ORPIK,train
1685-VAYJF,train
4658-HCOHW,train
1251-STYSZ,train
4510-PYUSH,train
2522-WLNSF,train
8457-XIGKN,train
5519-YLDGW,train
4983-CCWMC,train
5090-EMGTC,train
5955-EPOAZ,train
5208-HFSBT,train
8246-SHFGA,train
0511-JTEOY,train
5947-SGKCL,train
6080-LNESI,train
0774-IFUVM,train
7442-YGZFK,train
3571-DPYUH,train
7740-BTPUX,train
7136-IHZJA,train
3174-AKMAS,train
7410-YTJIK,train
7508-MYBOG,train
2672-OJQZP,train
3410-YOQBQ,train
4692-NNQRU,train
3453-RTHJQ,train
0813-TAXXS,train
8751-EDEKA,train
7401-JIXNM,train
1406-PUQVY,train
2542-HYGIQ,train
2025-JKFWI,train
4881-GQJTW,train
9770-LXDBK,train
2219-MVUSO,train
2005-DWQZJ,train
1251-KRREG,train
8337-MSSXB,train
1113-IUJYX,train
2371-JUNGC,train
7410-KTVFV,train
9728-FTTVZ,train
3521-HTQTV,train
5151-HQRDG,train
3296-SILRA,train
7632-YUTXB,train
1334-FJSVR,train
4075-WKNIU,train
4667-OHGKG,train
2418-TPEUN,train
2984-AFWNC,train
9442-JTWDL,train
5590-BYNII,train
4078-SAYYN,train
7714-YXSMB,train
1986-PHGZF,train
9054-FOWNV,train
4633-MKHYU,train
6419-ZTTLE,train
1304-BCCFO,train
0708-SJDIS,train
9050-IKDZA,train
2840-XANRC,train
8242-JSVBO,train
8189-DUKMV,train
0584-BJQGZ,train
3648-GZPHF,train
7481-ATQQS,train
0508-OOLTO,train
0415-MOSGF,train
4720-VSTSI,train
1627-AFWVJ,train
3556-BVQGL,train
3318-NMQXL,train
8512-WIWYV,train
2077-MPJQO,train
5301-GAUUY,train
6599-CEBNN,train
8840-DQLGN,train
3933-DQPWX,train
6424-ELEYH,train
3503-TYDAY,train
5039-LZRQT,train
5442-BHQNG,train
6635-MYYYZ,train
7905-TVXTA,train
1846-XWOQN,train
3645-DEYGF,train
3537-HPKQT,train
1407-DIGZV,train
3638-WEABW,train
5389-FFVKB,train
2351-BKRZW,train
3410-MHHUM,train
2223-KAGMX,train
0440-MOGPM,train
6519-CFDBX,train
9871-ELEYA,train
1866-NXPSP,train
3096-GKWEB,train
9950-MTGYX,train
2138-VFAPZ,train
2348-KCJLT,train
5519-NPHVG,train
8727-XDPUD,train
4390-KYULV,train
5837-LXSDN,train
2937-FTHUR,train
3049-NDXFL,train
1928-BXYIV,train
5944-UGLLK,train
4011-ARPHK,train
5414-OFQCB,train
0722-TROQR,train
5027-XWQHA,train
4795-WRNVT,train
0128-MKWSG,train
1049-FYSYG,train
7722-CVFXN,train
3223-DWFIO,train
7814-LEEVE,train
6171-ZTVYB,train
0929-HYQEW,train
1573-LGXBA,train
6867-ACCZI,train
2091-MJTFX,train
5032-MIYKT,train
6252-DFGTK,train
4877-TSOFF,train
2439-QKJUL,train
0618-XWMSS,train
6376-GAHQE,train
3780-DDGSE,train
3717-OEAUQ,train
4439-YRNVD,train
0604-THJFP,train
5052-PNLOS,train
4957-TIALW,train
9191-MYQKX,train
3181-MIZBN,train
4531-AUZNK,train
5527-ACHSO,train
4558-FANTW,train
2812-SFXMJ,train
5380-WJKOV,train
5309-TAIKL,train
4351-QLCSU,train
6036-TTFYU,train
3209-ZPKFI,train
7410-OIEDU,train
2782-LFZVW,train
3237-AJGEH,train
5562-BETPV,train
5931-FLJJF,train
1133-KXCGE,train
0623-IIHUG,train
5651-YLPRD,train
8490-BXHEO,train
2706-QZIHY,train
1143-NMNQJ,train
7795-CFOCW,train
8705-DWKTI,train
1725-MIMXW,train
2642-DTVCO,train
8775-ERLNB,train
3137-LUPIX,train
8393-DLHGA,train
2821-WARNZ,train
2674-MIAHT,train
6551-ZCOTS,train
5789-LDFXO,train
9552-TGUZV,train
8150-QUDFX,train
0895-LMRSF,train
7184-LRUUR,train
3470-BTGQO,train
6629-CZTTH,train
0612-RTZZA,train
0921-OHLVP,train
7544-ZVIKX,train
6813-GZQCG,train
3754-DXMRT,train
3858-XHYJO,train
0674-DGMAQ,train
2369-UAPKZ,train
6661-EIPZC,train
0674-EYYZV,train
3023-GFLBR,train
9248-OJYKK,train
9274-CNFMO,train
0439-IFYUN,train
2694-CIUMO,train
0098-BOWSO,train
7369-TRPFD,train
3016-KSVCP,train
8720-RQSBJ,train
5260-UMPWX,train
5419-JPRRN,train
4393-OBCRR,train
5909-ECHUI,train
2907-ILJBN,train
1023-BQXZE,train
2959-EEXWB,train
1728-BQDMA,train
7465-ZZRVX,train
7779-ORAEL,train
5802-ADBRC,train
1121-QSIVB,train
4936-YPJNK,train
3594-IVHJZ,train
2672-HUYVI,train
7878-JGDKK,train
8773-HHUOZ,train
5229-PRWKT,train
2379-GYFLQ,train
2202-OUTMO,train
0487-VVUVK,train
7762-ONLJY,train
1641-BYBTK,train
0292-WEGCH,train
0015-UOCOJ,train
4342-HFXWS,train
8286-AFUYI,train
9867-NNXLC,train
1820-TQVEV,train
9362-MWODR,train
4860-YZGZM,train
9945-PSVIP,train
8722-NGNBH,train
1069-XAIEM,train
0225-ZORZP,train
8224-IVVPA,train
8865-TNMNX,train
6633-MPWBS,train
8778-LMWTJ,train
0719-SYFRB,train
6015-VVHHE,train
9313-CDOGY,train
9921-EZKBY,train
6754-WKSHP,train
3891-NLXJB,train
4654-GGUII,train
8573-JGCZW,train
0221-WMXNQ,train
2282-YGNOR,train
8410-BGQXN,train
8718-PTMEZ,train
0356-ERHVT,train
8294-UIMBA,train
2911-UREFD,train
2085-BOJKI,train
4277-UDIEF,train
3878-AVSOQ,train
4632-PAOYU,train
0980-PVMRC,train
9651-GTSAQ,train
1353-LJWEM,train
8640-SDGKB,train
7180-PISOG,train
0516-OOHAR,train
5160-UXJED,train
9710-ZUSHQ,train
4742-TXUEX,train
4395-PZMSN,train
6137-NICCO,train
8590-OHDIW,train
3275-RHRNE,train
8337-UPOAQ,train
5339-PXDVH,train
3545-CNWRG,train
9389-ACWBI,train
2842-BCQGE,train
9534-NSXEM,train
8042-JVNFH,train
9860-LISIZ,train
1735-XMJVH,train
1981-INRFU,train
6253-WRFHY,train
6038-GCYEC,train
6941-KXRRV,train
4086-YQSNZ,train
2546-KZAAT,train
5766-XQXMQ,train
1222-KJNZD,train
6922-NCEDI,train
5624-BQSSA,train
4277-PVRAN,train
7493-TPUWZ,train
3213-VVOLG,train
7508-KBIMB,train
3472-OAOOR,train
3594-UVONA,train
3132-TVFDZ,train
0064-SUDOG,train
7190-XHTWJ,train
2403-BCASL,train
8064-RAVOH,train
5649-RXQTV,train
8780-RSYYU,train
8752-IMQOS,train
2573-GYRUU,train
2208-MPXIO,train
6615-NGGZJ,train
8910-LEDAG,train
3308-MHOOC,train
4877-EVATK,train
4092-OFQZS,train
8100-HZZLJ,train
8049-WJCLQ,train
8361-LTMKD,train
0129-QMPDR,train
3413-BMNZE,train
8714-CTZJW,train
9142-XMYJH,train
4781-ZXYGU,train
3950-VPYJB,train
0347-UBKUZ,train
1104-TNLZA,train
9507-HSMMZ,train
6218-KNUBD,train
7353-YOWFP,train
7247-XOZPB,train
3858-VOBET,train
0943-ZQPXH,train
1373-ORVIZ,train
6351-SCJKT,train
9052-DHNKM,train
4635-EJYPD,train
7025-WCBNE,train
5536-SLHPM,train
7228-OMTPN,train
7833-PKIHD,train
3001-UNBTL,train
3027-ZTDHO,train
1245-HARPS,train
3807-XHCJH,train
6047-SUHPR,train
4512-ZUIYL,train
8375-DKEBR,train
6705-LXORM,train
6350-XFYGW,train
7777-UNYHB,train
0431-APWVY,train
3426-NIYYL,train
9602-WCXPI,train
5204-QZXPU,train
0667-NSRGI,train
4706-DGAHW,train
3709-OIJEA,train
5673-FSSMF,train
3714-NTNFO,train
2279-AXJJK,train
3902-FOIGH,train
6860-YRJZP,train
7295-JOMMD,train
0027-KWYKW,train
5014-WUQMG,train
1506-YJTYT,train
3244-DCJWY,train
4826-DXMUP,train
8190-ZTQFB,train
3481-JHUZH,train
1038-RQOST,train
7801-KICAO,train
4385-ZKVNW,train
7079-QRCBC,train
2153-MREFK,train
4203-QGNZA,train
4488-PSYCG,train
3727-RJMEO,train
4480-QQRHC,train
3030-ZKIWL,train
6145-NNPNO,train
5702-SKUOB,train
7952-OBOYL,train
2725-KXXWT,train
5233-AOZUF,train
0426-TIRNE,train
5533-RJFTJ,train
7409-KIUTL,train
1106-HRLKZ,train
0799-DDIHE,train
2303-PJYHN,train
2455-USLMV,train
7613-LLQFO,train
3130-ICDUP,train
0112-QAWRZ,train
1955-IBMMB,train
6647-ZEDXT,train
1934-MKPXS,train
7750-EYXWZ,train
2703-AMTUL,train
0048-PIHNL,train
9885-MFVSU,train
3751-KTZEL,train
5858-EAFCZ,train
8685-WHQPW,train
0302-JOIVN,train
0824-VWDPO,train
2960-NKRSO,train
3340-QBBFM,train
3638-DIMPH,train
2209-XADXF,train
0931-MHTEM,train
1905-OEILC,train
1583-IHQZE,train
3374-TTZTK,train
1548-ARAGG,train
6064-ZATLR,train
8540-ZQGEA,train
1816-FLZDK,train
9178-JHUVJ,train
5306-BVTKJ,train
3254-YRILK,train
1194-HVAIF,train
9518-IMLHK,train
4853-OITSN,train
5981-ITEMU,train
8267-KFGYD,train
1431-CYWMH,train
0224-RLWWD,train
1024-GUALD,train
3012-VFFMN,train
7729-JTEEC,train
8884-ADFVN,train
9921-ZVRHG,train
5013-SBUIH,train
1212-GLHMD,train
2754-XBHTB,train
0829-DDVLK,train
7853-WNZSY,train
1564-NTYXF,train
0946-FKYTX,train
5032-USPKF,train
0731-EBJQB,train
5186-PEIZU,train
6100-FJZDG,train
0822-GAVAP,train
2239-CFOUJ,train
6496-JDSSB,train
3785-NRHYR,train
3317-HRTNN,train
5405-ZMYXQ,train
3422-WJOYD,train
7340-KEFQE,train
6979-ZNSFF,train
5600-KTXFM,train
4926-UMJZD,train
6950-TWMYB,train
7706-DZNKK,train
3049-SOLAY,train
9330-IJWIO,train
1624-WOIWJ,train
6161-UUUTA,train
4307-KTUMW,train
8464-EETCQ,train
2404-JIBFC,train
5035-BVCXS,train
4232-JGKIY,train
7595-EHCDL,train
4009-ALQFH,train
9019-QVLZD,train
7032-LMBHI,train
6614-VBEGU,train
1455-HFBXA,train
8257-RZAHR,train
4450-DLLMH,train
2809-ILCYT,train
8499-BRXTD,train
4074-SJFFA,train
8096-LOIST,train
6806-YDEUL,train
0378-NHQXU,train
7365-BVCJH,train
4451-RWASJ,train
0578-SKVMF,train
5681-LLOEI,train
1319-YLZJG,train
9796-MVYXX,train
2930-UOTMB,train
5922-ABDVO,train
5850-BDWCY,train
6766-HFKLA,train
1061-PNTHC,train
4537-DKTAL,train
1093-YSWCA,train
2862-PFNIK,train
9513-DXHDA,train
9800-ONTFE,train
2386-LAHRK,train
0440-UEDAI,train
7009-LGECI,train
4257-GAESD,train
9210-IAHGH,train
8234-GSZYK,train
0804-XBFBV,train
5493-SDRDQ,train
0365-GXEZS,train
9101-NTIXF,train
2325-NBPZG,train
9681-OXGVC,train
0822-QGCXA,train
3633-CDBUW,train
1755-RMCXH,train
2120-SMPEX,train
2712-SYWAY,train
2267-FPIMA,train
1357-BIJKI,train
1264-FUHCX,train
4923-ADWXJ,train
4816-OKWNX,train
8020-BWHYL,train
5099-BAILX,train
6705-LNMDD,train
7560-QRBXH,train
3506-OVLKD,train
6663-JOCQO,train
9670-BPNXF,train
5542-DHSXL,train
0363-QJVFX,train
2868-SNELZ,train
2985-JUUBZ,train
4423-YLHDV,train
9738-QLWTP,train
5077-DXTCG,train
1228-FZFRV,train
3272-VUHPV,train
9940-HPQPG,train
9592-ERDKV,train
7011-CVEUC,train
1041-RXHRA,train
2462-XIIJB,train
4132-KALRO,train
1272-ILHFG,train
0248-IPDFW,train
8972-HJWNV,train
1849-RJYIG,train
0423-UDIJQ,train
2428-HYUNX,train
3420-YJLQT,train
5003-OKNNK,train
6122-EFVKN,train
1154-HYWWO,train
8648-PFRMP,train
4464-JCOLN,train
1498-DQNRX,train
1452-KIOVK,train
3627-FCRDW,train
4628-CTTLA,train
1750-CSKKM,train
5057-RKGLH,train
9356-AXGMP,train
3061-BCKYI,train
3987-KQDDU,train
7716-YTYHG,train
3657-COGMW,train
6900-PXRMS,train
3977-QCRSL,train
0975-VOOVL,train
1084-MNSMJ,train
4194-FJARJ,train
2171-UDMFD,train
8671-KKKOS,train
2070-FNEXE,train
4012-ZTHBR,train
8132-YPVBX,train
6288-CHQJB,train
4709-LKHYG,train
6693-DJWTY,train
4760-XOHVN,train
4727-MCYZG,train
1589-AGTLK,train
4770-UEZOX,train
7143-BQIBA,train
5469-NUJUR,train
7277-KAMWT,train
5514-YQENT,train
4504-YOULA,train
3692-JHONH,train
6008-NAIXK,train
5197-PYEPU,train
8873-TMKGR,train
5311-IHLEI,train
0637-UBJRP,train
0980-FEXWF,train
5730-RIITO,train
2530-FMFXO,train
9932-WBWIK,train
9644-UMGQA,train
2808-CHTDM,train
2265-CYWIV,train
4695-VADHF,train
1394-SUIUH,train
6778-YSNIH,train
6986-IXNDM,train
2625-TRCZQ,train
4957-TREIR,train
9700-ZCLOT,train
6985-HAYWX,train
9236-NDUCW,train
8383-SGHJU,train
8382-SHQEH,train
5539-HIVAK,train
4685-TFLLS,train
8570-KLJYJ,train
1374-DMZUI,train
1400-WIVLL,train
0547-HURJB,train
6319-QSUSR,train
7531-GQHME,train
9755-JHNMN,train
7696-AMHOD,train
0471-LVHGK,train
2233-FAGXV,train
4560-WQAQW,train
0582-AVCLN,train
0961-ZWLVI,train
3391-JSQEW,train
7892-POOKP,train
1602-IJQQE,train
0608-JDVEC,train
1475-VWVDO,train
1226-UDFZR,train
0327-WFZSY,train
5345-BMKWB,train
7108-DGVUU,train
8573-CGOCC,train
9779-DPNEJ,train
5575-TPIZQ,train
6538-POCHL,train
9798-OPFEM,train
5312-UXESG,train
4697-LUPSU,train
5294-CDGWY,train
7129-AZJDE,train
9609-BENEA,train
2691-NZETQ,train
8727-JQFHV,train
9555-SAHUZ,train
5928-QLDHB,train
3777-XROBG,train
0771-WLCLA,train
3720-DBRWL,train
6522-YRBXD,train
9978-HYCIN,train
8690-UPCZI,train
6377-KSLXC,train
9638-JIQYA,train
9068-FHQHD,train
9822-BIIGN,train
3951-NJCVI,train
8961-QDZZJ,train
0374-AACSZ,train
1544-JJMYL,train
7479-NITWS,train
8510-BBWMU,train
7629-WIXZF,train
5149-TGWDZ,train
3814-MLAXC,train
4501-UYKBC,train
7314-OXENN,train
1730-ZMAME,train
5995-WWKKG,train
5261-QSHQM,train
3007-FDPEA,train
1680-VDCWW,train
2558-BUOZZ,train
6508-NJYRO,train
1910-FMXJM,train
9184-GALIL,train
4625-LAMOB,train
2636-ALXXZ,train
2027-FECZV,train
5639-NTUPK,train
0537-QYZZN,train
6469-MRVET,train
1895-QTKDO,train
9820-RMCQV,train
1545-ACTAS,train
4291-HPAXL,train
6734-GMPVK,train
4786-UKSNZ,train
7869-ZYDST,train
6810-VCAEX,train
0733-VUNUW,train
3349-ANQNH,train
1898-JSNDC,train
0479-HMSWA,train
2057-ZBLPD,train
7521-YXVZY,train
7614-QVWQL,train
5281-BUZGT,train
1142-WACZW,train
6483-OATDN,train
4648-YPBTM,train
2604-IJPDU,train
2359-KLTEK,train
3251-YMVWZ,train
1116-FRYVH,train
8547-NSBBO,train
9560-ARGQJ,train
4079-VTGLK,train
3584-WKTTW,train
5950-AAAGJ,train
5501-TVMGM,train
1174-FGIFN,train
1087-GRUYI,train
4163-NCJAK,train
2387-KDZQY,train
8709-KRDVL,train
0208-BPQEJ,train
5686-CMAWK,train
9701-CDXHR,train
5144-PQCDZ,train
1559-DTODC,train
0970-QXPXW,train
6141-OOXUQ,train
9048-JVYVF,train
7534-BFESC,train
7677-SJJJK,train
3719-TDVQB,train
3331-HQDTW,train
6877-TJMBR,train
9474-PHLYD,train
5236-XMZJY,train
4958-GZWIY,train
2041-JIJCI,train
2273-QCKXA,train
2135-DQWAQ,train
7998-ZLXWN,train
4988-IQIGL,train
1097-FSPVW,train
5126-RCXYW,train
8400-WZICQ,train
2027-CWDNU,train
9259-PACGQ,train
7480-QNVZJ,train
5093-FEGLU,train
9102-IAYHT,train
2933-XEUJM,train
8945-GRKHX,train
7647-GYYKX,train
8109-YUOHE,train
9492-TOKRI,train
9705-ZJBCG,train
6671-NGWON,train
7780-OTDSO,train
3190-FZATL,train
4431-EDMIQ,train
9600-NAXZN,train
8208-EUMTE,train
8166-ORCHU,train
5299-SJCZT,train
0668-OGMHD,train
7105-BENQF,train
2322-VCZHZ,train
4195-NZGTA,train
1941-HOSAM,train
5756-JYOJT,train
4385-GZQXV,train
5495-GPSRW,train
9819-FBNSV,train
0348-SDKOL,train
7924-GJZFI,train
7994-XIRTR,train
0623-GDISB,train
3675-YDUPJ,train
1431-AIDJQ,train
2082-OJVTK,train
0118-JPNOY,train
3737-XBQDD,train
0480-BIXDE,train
6322-PJJDJ,train
9418-RUKPH,train
9117-SHLZX,train
1450-GALXR,train
3522-CDKHF,train
3935-TBRZZ,train
3282-ZISZV,train
4063-EIKNQ,train
0516-WJVXC,train
3021-VLNRJ,train
6265-FRMTQ,train
8584-KMVXD,train
8634-MPHTR,train
8007-YYPWD,train
5158-RIVOP,train
0362-ZBZWJ,train
2030-BTZRO,train
3896-ZVNET,train
4501-EQDRN,train
8582-KRHPJ,train
1929-ZCBHE,train
6497-TILVL,train
6599-SFQVE,train
5871-DGTXZ,train
6876-ADESB,train
0430-IHCDJ,train
8095-WANWK,train
7248-VZQLC,train
9272-LSVYH,train
8515-OCTJS,train
8070-AAWZP,train
7245-NIIWQ,train
7576-OYWBN,train
8155-IBNHG,train
2603-HVKCG,train
3509-GWQGF,train
8258-GSTJK,train
4422-QVIJA,train
3755-JBMNH,train
4412-YLTKF,train
0880-TKATG,train
6507-ZJSUR,train
6323-AYBRX,train
0750-EBAIU,train
6340-DACFT,train
6402-SSEJG,train
9524-EGPJC,train
2845-HSJCY,train
5995-OIGLP,train
7609-YBPXG,train
7596-IIWYC,train
2955-BJZHG,train
2511-ALLCS,train
8942-DBMHZ,train
8063-RJYNF,train
3668-QPYBK,train
8083-YTZES,train
7089-RKVSZ,train
2202-CUYXZ,train
1818-ESQMW,train
5443-SCMKX,train
5327-CNLUQ,train
9430-FRQOC,train
0644-OQMDK,train
5206-XZZQI,train
7240-FQLHE,train
4625-EWPTF,train
4851-BQDNX,train
8229-TNIQA,train
1222-LRYKO,train
4883-KCPZJ,train
0678-RLHVP,train
1702-CCFNJ,train
7349-ALMUX,train
1352-VHKAJ,train
2896-TBNBE,train
5934-TSSAU,train
0096-BXERS,train
8212-CRQXP,train
9763-GRSKD,train
4735-BJKOU,train
9758-MFWGD,train
1958-RNRKS,train
8012-SOUDQ,train
0258-NOKBL,train
4544-RXFMG,train
7269-JISCY,train
1930-WNXSB,train
5429-LWCMV,train
0447-BEMNG,train
3376-BMGFE,train
0277-BKSQP,train
8949-JTMAY,train
7083-YNSKY,train
6542-LWGXJ,train
2565-JSLRY,train
3154-CFSZG,train
9122-UMROB,train
8929-KSWIH,train
4908-XAXAY,train
6762-QVYJO,train
6627-CFOSN,train
0650-BWOZN,train
6598-KELSS,train
2832-KJCRD,train
2453-SAFNS,train
2205-YMZZJ,train
5181-OABFK,train
7325-ENZFI,train
6368-TZZDT,train
8198-RKSZG,train
3399-BMLVW,train
2460-FPSYH,train
3192-LNKRK,train
7856-GANIL,train
8097-OMULG,train
6688-UZPWD,train
9620-ENEJV,train
7266-GSSJX,train
3094-JOJAI,train
5138-WVKYJ,train
0940-OUQEC,train
5419-CONWX,train
8908-SLFCJ,train
9137-NOQKA,train
1761-AEZZR,train
3259-KNMRR,train
6379-RXJRQ,train
3511-APPBJ,train
7576-ASEJU,train
0643-OKLRP,train
4587-NUKOX,train
7273-TEFQD,train
7634-HLQJR,train
0899-WZRSD,train
8388-FYNPZ,train
9081-WWXKP,train
9300-RENDD,train
5022-JNQEQ,train
3489-VSFRD,train
5399-ZIMKF,train
0895-UADGO,train
4430-UZIPO,train
4597-NUCQV,train
4007-NHVHI,train
4177-JPDFU,train
9593-CVZKR,train
2682-KEVRP,train
3787-TRIAL,train
2927-CVULT,train
6591-QGOYB,train
5474-LAMUQ,train
4393-RYCRE,train
1010-DIAUQ,train
3079-BCHLN,train
3804-RVTGV,train
0999-QXNSA,train
0060-FUALY,train
8468-EHYJA,train
8185-UPYBR,train
8566-YPRGL,train
3313-QKNKB,train
5202-IVJNU,train
7389-KBFIT,train
7901-HXJVA,train
3090-QFUVD,train
7901-TBKJX,train
2516-XSJKX,train
2732-ISEZX,train
6168-YBYNP,train
9916-AYHTC,train
2777-PHDEI,train
3144-AUDBS,train
7392-YYPYJ,train
3904-UKFRE,train
2364-UFROM,train
7398-SKNQZ,train
3943-KDREE,train
9158-VCTQB,train
0322-CHQRU,train
4115-NZRKS,train
7824-PANSQ,train
0357-NVCRI,train
5701-ZIKJE,train
5307-UVGNB,train
0761-AETCS,train
1977-STDKI,train
8622-ZLFKO,train
1833-TCXKK,train
2923-ARZLG,train
6092-QZVPP,train
4480-MBMLB,train
7218-HKQFK,train
4109-CYRBD,train
9588-OZDMQ,train
6439-LAJXL,train
2946-KIQSP,train
1157-BQCUW,train
7156-MHUGY,train
8993-IZEUX,train
3716-UVSPD,train
0872-CASZJ,train
0701-TJSEF,train
5084-OOVCJ,train
4947-DSMXK,train
5120-ZBLAI,train
0635-WKOLD,train
4000-VGMQP,train
6344-SFJVH,train
3450-WXOAT,train
0840-DFEZH,train
6386-SZZKH,train
9412-GHEEC,train
2080-GKCWQ,train
4597-ELFTS,train
8314-HTWVE,train
2074-GKOWZ,train
5893-PYOLZ,train
5155-AZQPB,train
9746-UGFAC,train
7808-DVWEP,train
0396-UKGAI,train
2480-JZOSN,train
3665-JATSN,train
8807-OPMBM,train
0956-ACVZC,train
6463-MVYRY,train
7727-SHVZV,train
9659-QEQSY,train
0836-SEYLU,train
9251-AWQGT,train
0320-JDNQG,train
3890-RTCMS,train
3458-IDMFK,train
2252-ISRNH,train
2851-STERV,train
1985-MBRYP,train
5465-BUBFA,train
8610-ZIKJJ,train
6567-HOOPW,train
6440-DKQGE,train
1803-BGNBD,train
5054-IEXZT,train
4719-UMSIY,train
8008-HAWED,train
3549-ZTMNH,train
1223-UNPKS,train
7674-YTAFD,train
5832-XKAES,train
5593-SUAOO,train
7853-GVUDZ,train
4452-QIIEB,train
4615-PIVVU,train
4367-NHWMM,train
3926-CUQZX,train
3097-NNSPB,train
0895-LNKRC,train
9172-JITSM,train
5071-FBJFS,train
8143-ETQTI,train
8816-VXNZD,train
5816-QVHRX,train
2684-EIWEO,train
5380-AFSSK,train
9025-ZRPVR,train
3722-WPXTK,train
1430-SFQSA,train
4647-XXZAM,train
8763-KIAFH,train
9770-KXGQU,train
2068-WWXQZ,train
3325-FUYCG,train
4192-GORJT,train
6583-SZVGP,train
7239-HZZCX,train
3077-RSNTJ,train
3069-SSVSN,train
1000-AJSLD,train
8058-DMYRU,train
6169-PGNCD,train
2754-VDLTR,train
5213-TWWJU,train
3096-IZETN,train
2834-SPCJV,train
2292-XQWSV,train
4626-GYCZP,train
6413-XKKPU,train
2604-XVDAM,train
7439-DKZTW,train
6469-QJKZW,train
2262-SLNVK,train
8993-PHFWD,train
0137-OCGAB,train
4827-USJHP,train
3354-OADJP,train
0133-BMFZO,train
9828-QHFBK,train
8792-AOROI,train
7691-KGKGP,train
5959-BELXA,train
4541-RMRLG,train
3088-FVYWK,train
8173-RXAYP,train
5480-HPRRX,train
8541-QVFKM,train
8378-LKJAF,train
9227-LUNBG,train
1852-XEMDW,train
4285-GYRQC,train
2788-CJQAQ,train
5774-XZTQC,train
2114-MGINA,train
5198-EFNBM,train
0236-HFWSV,train
6380-ARCEH,train
4735-ASGMA,train
7673-LPRNY,train
2761-OCIAX,train
6692-YQHXC,train
7730-IUTDZ,train
9722-UJOJR,train
4163-KIUHY,train
3644-QXEHN,train
9840-DVNDC,train
6773-LQTVT,train
4962-CHQPW,train
7216-KAOID,train
4349-GFQHK,train
0875-CABNR,train
6215-NQCPY,train
1442-BQPVU,train
2391-IPLOP,train
4759-PXTAN,train
5673-TIYIB,train
4767-HZZHQ,train
1086-LXKFY,train
1482-OXZSY,train
9688-YGXVR,train
2391-SOORI,train
7278-CKDNC,train
1004-NOZNR,train
6967-PEJLL,train
9921-QFQUL,train
4694-PHWFW,train
3736-BLEPA,train
8485-GJCDN,train
5908-QMGOE,train
9801-GDWGV,train
9504-YAZWB,train
7682-AZNDK,train
1980-KXVPM,train
8059-UDZFY,train
1379-FRVEB,train
5712-PTIWW,train
6168-WFVVF,train
9170-GYZJC,train
2812-REYAT,train
6260-ONULR,train
6682-VCIXC,train
1925-LFCZZ,train
2739-CACDQ,train
6518-KZXCB,train
5605-IYGFG,train
7826-VVKWT,train
7568-PODML,train
5144-TVGLP,train
6476-EPYZR,train
0036-IHMOT,train
8944-AILEF,train
5027-QPKTE,train
6654-QGBZZ,train
6261-RCVNS,train
4801-KFYKL,train
1248-DYXUB,train
4456-RHSNB,train
0297-RBCSG,train
2931-FSOHN,train
5762-TJXGK,train
4568-KNYWR,train
4415-IJZTP,train
9907-SWKKF,train
4695-WJZUE,train
2002-MZHWP,train
7503-QQRVF,train
0195-IESCP,train
4895-TMWIR,train
3585-ISXZP,train
4881-JVQOD,train
4186-ZBUEW,train
5117-IFGPS,train
0397-GZBBC,train
7246-ZGQDF,train
2085-JVGAD,train
9822-WMWVG,train
6630-UJZMY,train
2952-QAYZF,train
2195-VVRJF,train
8612-GXIDD,train
7733-UDMTP,train
4378-BZYFP,train
4795-UXVCJ,train
9625-QSTYE,train
9626-WEQRM,train
4097-YODCF,train
9408-HRXRK,train
8295-FHIVV,train
7537-RBWEA,train
4065-JJAVA,train
8467-WYNSR,train
2839-RFSQE,train
7361-YPXFS,train
9626-VFRGG,train
9128-CPXKI,train
9408-SSNVZ,train
8780-IXSTS,train
2792-VPPET,train
2208-NQBCT,train
1349-WXNGG,train
6518-LGAOV,train
4987-GQWPO,train
6772-WFQRD,train
5939-SXWHM,train
4057-FKCZK,train
2634-HCZGT,train
9824-BEMCV,train
7951-QKZPL,train
1134-YWTYF,train
6712-OAWRH,train
5976-JCJRH,train
4929-XIHVW,train
5119-NZPTV,train
1215-EXRMO,train
2791-SFVEW,train
0409-WTMPL,train
7196-LIWRH,train
2506-TNFCO,train
7880-XSOJX,train
8406-LNMHF,train
9851-QXEEQ,train
8815-LMFLX,train
8221-HVAYI,train
4208-UFFGW,train
9036-CSKBW,train
8495-PRWFH,train
0323-XWWTN,train
7128-GGCNO,train
4819-HJPIW,train
1208-DNHLN,train
3308-JSGML,train
1686-STUHN,train
5161-XEUVX,train
4726-DLWQN,train
5192-EBGOV,train
6921-OZMFH,train
4445-KWOKW,train
9975-GPKZU,train
2141-RRYGO,train
2359-QWQUL,train
0946-CLJTI,train
6859-RKMZJ,train
5916-QEWPT,train
2034-GDRCN,train
7850-THJMU,train
7521-AFHAB,train
8350-NYMVI,train
7693-QPEFS,train
3329-WDIOK,train
3577-AMVUX,train
9584-EXCDZ,train
3930-ZGWVE,train
8919-FYFQZ,train
0224-HJAPT,train
1845-CSBRZ,train
2018-PZKMU,train
6516-NKQBO,train
2309-OSFEU,train
0003-MKNFE,train
6116-RFVHN,train
3398-FSHON,train
0234-TEVTT,train
4524-QCSSM,train
7595-EUIVN,train
9717-IOAAF,train
3635-JBPSG,train
8084-OIVBS,train
7277-OZCGZ,train
0621-JFHOL,train
2550-AEVRU,train
2361-FJWNO,train
4623-ZKHLY,train
3255-GRXMG,train
1230-QAJDW,train
0329-GTIAJ,train
6537-OTKMY,train
3156-QLHBO,train
3115-JPJDD,train
0816-TSPHQ,train
2293-IJWPS,train
6194-HBGQN,train
7235-NXZCP,train
3771-PZOBW,train
9720-JJJOR,train
7957-RYHQD,train
0804-YGEQV,train
7029-IJEJK,train
6227-HWPWX,train
5570-PTWEH,train
6527-PZFPV,train
7551-DACSP,train
6458-CYIDZ,train
6988-CJEYV,train
5649-ANRML,train
9965-YOKZB,train
0679-TDGAK,train
5707-ZMDJP,train
1708-PBBOA,train
0295-PPHDO,train
4612-SSVHJ,train
5939-XAIXZ,train
6599-RCLCJ,train
0691-JVSYA,train
4578-PHJYZ,train
3521-SYVOR,train
3694-DELSO,train
9420-LOJKX,train
6029-WTIPC,train
0486-LGCCH,train
4465-VDKIQ,train
2346-LOCWC,train
6188-UXBBR,train
5148-HKFIR,train
1237-WIYYZ,train
7470-MCQTK,train
6946-LMSQS,train
9862-KJTYK,train
9146-JRIOX,train
6595-COKXZ,train
5494-HECPR,train
4704-ERYFC,train
7625-XCQRH,train
5999-LCXAO,train
3205-MXZRA,train
2372-HWUHI,train
0867-LDTTC,train
9398-MMQTO,train
8563-OYMQY,train
7665-VIGUD,train
9224-VTYID,train
4859-ZSRDZ,train
1855-CFULU,train
3239-TPHPZ,train
7742-MYPGI,train
4174-LPGTI,train
0274-JKUJR,train
0859-YGKFW,train
1897-RCFUM,train
5655-JSMZM,train
4350-ZTLPI,train
2587-YNLES,train
2308-STERM,train
8854-CCVSQ,train
4112-LUEIZ,train
5630-IXDXV,train
6993-OHLXR,train
8164-OCKUJ,train
0699-NDKJM,train
0378-TOVMS,train
6127-IYJOZ,train
9898-KZQDZ,train
2004-OCQXK,train
9256-JTBNZ,train
6576-FBXOJ,train
3378-AJRAO,train
9170-CCKOU,train
5628-FCGYG,train
4404-HIBDJ,train
6674-KVJHG,train
3489-HHPFY,train
0247-SLUJI,train
4803-LBYPN,train
2235-ZGKPT,train
9396-ZSFLL,train
9495-SKLKD,train
8417-GSODA,train
2373-NTKOD,train
1579-KLYDT,train
7622-FWGEW,train
9537-VHDTA,train
0057-QBUQH,train
7251-LJBQN,train
0616-ATFGB,train
2606-PKWJB,train
5480-TBGPH,train
2135-RXIHG,train
2516-VQRRV,train
4213-HKBJO,train
4644-PIZRT,train
8167-GJLRN,train
2037-XJFUP,train
8621-MNIHH,train
7995-ZHHNZ,train
6082-OQFBA,train
8992-CEUEN,train
6617-WLBQC,train
9695-IDRZR,train
7799-LGRDP,train
8917-FAEMR,train
1427-VERSM,train
6569-KTMDU,train
0970-ETWGE,train
5820-PTRYM,train
9814-AOUDH,train
7623-TRNQN,train
3679-XASPY,train
2080-SRCDE,train
6185-TASNN,train
3472-QPRCH,train
1641-RQDAY,train
0531-ZZJWQ,train
1480-IVEVR,train
6509-TSGWN,train
3620-MWJNE,train
9127-QRZMH,train
6784-XYJAE,train
1200-TUZHR,train
0709-TVGUR,train
7542-CYDDM,train
6959-GQEGV,train
6339-YPSAH,train
8313-KTIHG,train
9904-EHEVJ,train
0952-KMEEH,train
3859-CVCET,train
5016-ETTFF,train
8559-WNQZS,train
1194-SPVSP,train
8883-GRDWQ,train
4990-ALDGW,train
2259-OUUSZ,train
6925-BAYGL,train
8563-IIOXK,train
1269-FOYWN,train
9099-FTUHS,train
6075-QMNRR,train
0843-WTBXE,train
8313-NDOIA,train
2819-GWENI,train
8217-QYOHV,train
6873-UDNLD,train
5619-XZZKR,train
1310-QRITU,train
2260-USTRB,train
1320-HTRDR,train
5913-INRQV,train
4079-ULGFR,train
5760-FXFVO,train
6608-QQLVK,train
7296-PIXQY,train
9526-BIHHD,train
7330-WZLNC,train
1919-RTPQD,train
3115-CZMZD,train
6969-MVBAI,train
9254-RBFON,train
7693-LCKZL,train
9828-AOQLM,train
9348-YVOMK,train
5188-HGMLP,train
7056-IMHCC,train
5505-OVWQW,train
7137-NAXML,train
8414-MYSHR,train
4837-PZTIC,train
5924-IFQTT,train
9134-WYRVP,train
8835-VSDSE,train
7831-QGOXH,train
2024-BASKD,train
5133-POWUA,train
8319-QBEHW,train
3269-ATYWD,train
7895-VONWT,train
3908-BLSYF,train
3932-IJWDZ,train
8118-TJAFG,train
9092-GDZKO,train
6061-PQHMK,train
3066-RRJIO,train
4883-QICIH,train
4110-PFEUZ,train
3466-RITXD,train
0780-XNZFN,train
2107-FBPTK,train
9094-AZPHK,train
0021-IKXGC,train
4391-RESHN,train
8152-UOBNY,train
6393-WRYZE,train
3496-LFSZU,train
6172-FECYY,train
2233-TXSIU,train
0404-SWRVG,train
3373-YZZYM,train
7577-SWIFR,train
6177-PEVRA,train
5622-UEJFI,train
5307-DZCVC,train
8348-HFYIV,train
9317-WZPGV,train
8465-SBRXP,train
1403-LKLIK,train
1196-AMORA,train
7205-BAIAD,train
9139-TWBAS,train
3401-URHDA,train
4452-ROHMO,train
6906-ANDWJ,train
1965-DDBWU,train
0484-JPBRU,train
1307-TVUFB,train
5482-PLVPE,train
1891-UAWWU,train
6828-HMKWP,train
8345-MVDYC,train
3428-XZMAZ,train
9972-NKTFD,train
3865-QBWSJ,train
1697-BCSHV,train
8329-UTMVM,train
2806-MLNTI,train
7243-LCGGZ,train
4800-CZMPC,train
6584-VQMYT,train
5337-IIWKZ,train
6845-RGTYS,train
1137-DGOWI,train
7881-EVUAD,train
1755-FZQEC,train
0196-JTUQI,train
8474-UMLNT,train
6088-BXMRG,train
5968-HYJRZ,train
4828-FAZPK,train
3043-SUDUA,train
7054-LGEQW,train
2541-YGPKE,train
9504-DSHWM,train
8033-VCZGH,train
4118-CEVPF,train
1415-YFWLT,train
0654-HMSHN,train
7579-OOPEC,train
0345-XMMUG,train
3639-XJHKQ,train
5649-VUKMC,train
0621-CXBKL,train
3812-LRZIR,train
9470-RTWDV,train
9929-PLVPA,train
7815-PDTHL,train
3797-FKOGQ,train
9208-OLGAQ,train
5510-BOIUJ,train
1843-TLSGD,train
1092-WPIVQ,train
0384-LPITE,train
7130-CTCUS,train
4182-BGSIQ,train
7339-POGZN,train
8397-MVTAZ,train
7665-TOALD,train
9917-KWRBE,train
4690-LLKUA,train
8749-JMNKX,train
0883-EIBTI,train
4318-RAJVY,train
2520-SGTTA,train
4115-BNPJY,train
3372-KWFBM,train
7493-GVFIO,train
2335-GSODA,train
4925-LMHOK,train
3460-TJBWI,train
3404-JNXAX,train
7377-DMMRI,train
4059-IIEBK,train
9885-AIBVB,train
5753-QQWPW,train
9067-SQTNS,train
5982-FPVQN,train
6371-NZYEG,train
3280-NMUVX,train
4710-NKCAW,train
2371-JQHZZ,train
8947-YRTDV,train
0533-UCAAU,train
5380-XPJNZ,train
1064-FBXNK,train
2729-VNVAP,train
3045-XETSH,train
6543-JXSOO,train
8884-FEEWR,train
2091-RFFBA,train
0725-CXOTM,train
1449-XQEMT,train
3062-ICYZQ,train
9498-FIMXL,train
9787-XVQIU,train
1839-FBNFR,train
8510-TMWYB,train
4537-CIBHB,train
6661-HBGWL,train
4116-TZAQJ,train
4811-JBUVU,train
9643-YBLUR,train
3583-KRKMD,train
0134-XWXCE,train
9133-AYJZG,train
4806-KEXQR,train
1670-SVOWZ,train
4884-TVUQF,train
0322-YINQP,train
9314-IJWSQ,train
4328-VUFWD,train
6692-UDPJC,train
9169-BSVIN,train
5056-FIMPT,train
6727-IOTLZ,train
0257-KXZGU,train
4676-MQUEA,train
6896-SRVYQ,train
0928-JMXNP,train
0567-GGCAC,train
3373-DIUUN,train
8868-GAGIO,train
2252-NKNSI,train
4749-OJKQU,train
4299-SIMNS,train
6982-SSHFK,train
5356-CSVSQ,train
3417-TSCIC,train
5647-URDKA,train
9297-FVVDH,train
3811-VBYBZ,train
9507-EXLTT,train
5844-QVTAT,train
8957-THMOA,train
7473-ZBDSN,train
1206-EHBDD,train
6166-ILMNY,train
6319-IEJWJ,train
6637-KYRCV,train
0734-OXWBT,train
9415-TPKRV,train
4291-SHSBH,train
8182-PNAGI,train
2979-SXESE,train
0278-YXOOG,train
7153-OANIO,train
2424-WVHPL,train
9894-QMIMJ,train
5996-DAOQL,train
4950-BDEUX,train
3129-AAQOU,train
3834-XUIFC,train
8461-EFQYM,train
1309-BXVOQ,train
0002-ORFBO,train
9357-UJRUN,train
4707-YNOQA,train
8859-AXJZP,train
4854-CIDCF,train
1353-GHZOS,train
4298-OYIFC,train
2929-QNSRW,train
7547-EKNFS,train
8749-CLJXC,train
3148-BLQJT,train
9754-CLVZW,train
6726-WEXXK,train
0923-PNFUB,train
6892-XPFPU,train
3961-SXAXY,train
1094-BKOSX,train
3566-HJGPK,train
7619-PLRLP,train
1112-CUNAO,train
4194-WHFCB,train
5285-MVEHD,train
8062-YBDOE,train
7615-ESMYF,train
6837-BJYDQ,train
0301-KOBTQ,train
2267-WTPYD,train
9866-QEVEE,train
7351-MHQVU,train
7675-OZCZG,train
5687-DKDTV,train
7964-VEXDG,train
7504-UWHNB,train
5299-RULOA,train
6210-KBBPI,train
9540-JYROE,train
4813-HQMGZ,train
1493-AMTIE,train
0684-AOSIH,train
7641-EUYET,train
6507-DTJZV,train
4188-FRABG,train
4892-VLANZ,train
9938-PRCVK,train
1092-GANHU,train
4396-KLSEH,train
4566-QVRRW,train
5791-KAJFD,train
9369-XFEHK,train
7343-EOBEU,train
1976-AZZPJ,train
5949-XIKAE,train
4821-SJHJV,train
9971-ZWPBF,train
8802-UNOJF,train
1751-NCDLI,train
8035-BUYVG,train
3585-YNADK,train
2673-ZALNP,train
1866-OBPNR,train
0486-HECZI,train
4800-VHZKI,train
2519-ERQOJ,train
1867-BDVFH,train
7817-OMJNA,train
8963-MQVYN,train
8035-PWSEV,train
2669-QVCRG,train
5949-EBSQK,train
7209-JCUDS,train
2800-QQUSO,train
0742-MOABM,train
8966-OIQHG,train
9469-WEJBT,train
3071-VBYPO,train
3855-ONCAR,train
2378-HTWFW,train
3374-PZLXD,train
0235-KGSLC,train
9944-AEXBM,train
6686-YPGHK,train
0177-PXBAT,train
4139-JPIAM,train
1306-RPWXZ,train
0040-HALCW,train
2862-JVEOY,train
4039-PIMHX,train
6646-JPPHA,train
5438-QMDDL,train
7590-VHVEG,train
0345-HKJVM,train
3957-LXOLK,train
5993-BQHEA,train
4236-UJPWO,train
3677-IYRBF,train
9046-DQMTP,train
2393-DIVAI,train
5461-QKNTN,train
7927-AUXBZ,train
9391-DXGGG,train
3870-MQAMG,train
0022-TCJCI,train
8597-CWYHH,train
4104-PVRPS,train
3120-FAZKD,train
4360-QRAVE,train
5520-FVEWJ,train
6476-YHMGA,train
2865-TCHJW,train
3174-RKMOW,train
6521-YYTYI,train
7020-OZKXZ,train
4482-EWFMI,train
1395-OFUWC,train
0708-LGSMF,train
6137-MFAJN,train
5915-DGNVC,train
7198-GLXTC,train
6838-YAUVY,train
1707-HABPF,train
5982-PSMKW,train
7794-JASDG,train
6575-SUVOI,train
2851-MMUTZ,train
2908-ZTPNF,train
7254-IQWOZ,train
0727-IWKVK,train
4366-CTOUZ,train
4130-MZLCC,train
1338-CECEE,train
8160-HOWOX,train
2229-DPMBI,train
8735-NBLWT,train
6505-OZNPG,train
0722-SVSFK,train
3165-HDOEW,train
6651-AZVTJ,train
9805-FILKB,train
5609-IMCGG,train
8654-DHAOW,train
4367-NUYAO,train
6173-ITPWD,train
4873-ILOLJ,train
4634-JLRJT,train
9373-WSLOY,train
5693-PIPCS,train
7926-IJOOU,train
1452-XRSJV,train
3530-CRZSB,train
4644-OBGFZ,train
2243-FNMMI,train
6131-FOYAS,train
0581-BXBUB,train
6892-EZDTG,train
4840-ORQXB,train
2876-VBBBL,train
3247-ZVOUO,train
2011-TRQYE,train
6473-ULUHT,train
4501-VCPFK,train
2607-FBDFF,train
7774-OJSXI,train
4701-AHWMW,train
4818-DRBQT,train
6789-HJBWG,train
2829-HYVZP,train
8080-DDEMJ,train
0956-SYCWG,train
4568-TTZRT,train
2144-BFDSO,train
1025-FALIX,train
4236-XPXAV,train
3538-WZPHD,train
9851-KIELU,train
3295-YVUSR,train
4003-OCTMP,train
0577-WHMEV,train
1575-KRZZE,train
0463-WZZKO,train
8372-JUXUI,train
1723-HKXJQ,train
9631-RXVJM,train
6572-ADKRS,train
3318-OSATS,train
4770-QAZXN,train
2045-BMBTJ,train
6778-JFCMK,train
3916-NRPAP,train
2055-SIFSS,train
7978-DKUQH,train
8875-AKBYH,train
9142-KZXOP,train
4826-TZEVA,train
9885-CSMWE,train
7903-CMPEY,train
2920-RNCEZ,train
1399-UBQIU,train
7850-VWJUU,train
3301-LSLWQ,train
8191-XWSZG,train
7120-RFMVS,train
8665-UTDHZ,train
8272-ONJLV,train
7610-TVOPG,train
1636-NTNCO,train
1448-CYWKC,train
4190-MFLUW,train
6048-QBXKL,train
9108-EJFJP,train
3466-WAESX,train
1386-ZIKUV,train
0112-QWPNC,train
9605-WGJVW,train
5088-QZLRL,train
3384-CTMSF,train
6051-PTVNS,train
9812-GHVRI,train
3847-BAERP,train
1565-RHDJD,train
8053-WWDRO,train
4324-AHJKS,train
8065-YKXKD,train
0580-PIQHM,train
6178-KFNHS,train
3768-NLUBH,train
3190-ITQXP,train
2232-DMLXU,train
2157-MXBJS,train
4822-NGOCH,train
0454-OKRCT,train
7550-WIQVA,train
8559-CIZFV,train
9750-BOOHV,train
9050-QLROH,train
3663-MITLP,train
2079-FBMZK,train
2122-SZZZD,train
9115-YQHGA,train
0823-HSCDJ,train
9801-NOSHQ,train
1009-IRMNA,train
7253-UVNDW,train
4080-OGPJL,train
5356-RHIPP,train
6732-FZUGP,train
2801-NISEI,train
1428-GTBJJ,train
0442-ZXKVS,train
9526-JAWYF,train
7811-JIVPF,train
8806-EAGWC,train
1530-ZTDOZ,train
9300-AGZNL,train
4060-LDNLU,train
1078-TDCRN,train
4550-EVXNY,train
2446-ZKVAF,train
3646-ITDGM,train
9650-VBUOG,train
4581-LNWUM,train
4910-GMJOT,train
9172-ANCRX,train
0620-XEFWH,train
5716-LIBJC,train
7562-UXTPG,train
1136-XGEQU,train
3387-VATUS,train
0411-EZJZE,train
8048-DSDFQ,train
4228-ZGYUW,train
8183-ONMXC,train
4432-ADRLB,train
4690-PKDQG,train
8859-YSTWS,train
4749-VFKVB,train
8220-OCUFY,train
2081-KJSQF,train
9509-MPYOD,train
0967-BMLBD,train
5172-MIGPM,train
1455-UGQVH,train
3055-OYMSE,train
0253-ZTEOB,train
8931-GJJIQ,train
3217-FZDMN,train
6368-NWMCE,train
4323-ELYYB,train
3800-LYTRK,train
3352-RICWQ,train
1871-MOWRM,train
1383-EZRWL,train
4884-LEVMQ,train
9483-GCPWE,train
4187-CINZD,train
8869-TORSS,train
5859-HZYLF,train
4785-NKHCX,train
1834-ABKHQ,train
7422-WNBTY,train
4489-SNOJF,train
9046-JBFWA,train
8591-NXRCV,train
2626-URJFX,train
6620-HVDUJ,train
2823-LKABH,train
6418-HNFED,train
2637-FKFSY,train
7964-YESJC,train
6331-LWDTQ,train
0689-NKYLF,train
3207-OYBWH,train
6158-DWPZT,train
8263-OKETD,train
3662-FXJFO,train
3900-AQPHZ,train
4598-ZADCK,train
7297-DVYGA,train
7893-IXHRQ,train
7126-RBHSD,train
5392-AKEMH,train
2956-GGUCQ,train
3034-ZBEQN,train
3705-PSNGL,train
0702-PGIBZ,train
4973-RLZVI,train
1626-ERCMM,train
7567-ECMCM,train
5583-SXDAG,train
3934-HXCFZ,train
5760-WRAHC,train
9392-XBGTD,train
8098-TDCBU,train
7284-BUYEC,train
9767-FFLEM,train
4310-KEDTB,train
7129-ACFOG,train
1265-HVPZB,train
1309-XGFSN,train
3689-MOZGR,train
5243-SAOTC,train
5572-ZDXHY,train
9505-SQFSW,train
1271-SJBGZ,train
0135-NMXAP,train
6358-LYNGM,train
5652-MSDEY,train
7798-JVXYM,train
6158-HDPXZ,train
3315-TOTBP,train
6242-MBHPK,train
0203-HHYIJ,train
8445-DNBAE,train
8544-GOQSH,train
9244-ZVAPM,train
9725-SCPZG,train
2379-ENZGV,train
1561-BWHIN,train
9174-FKWZE,train
3057-VJJQE,train
5543-QDCRY,train
7636-XUHWW,train
9796-BPKIW,train
5371-VYLSX,train
2831-EBWRN,train
6996-KNSML,train
8782-LKFPK,train
8443-ZRDBZ,train
9360-AHGNL,train
6394-MFYNG,train
0468-YRPXN,train
2824-MYYBN,train
0496-AHOOK,train
8676-OOQEJ,train
1635-HDGFT,train
9962-BFPDU,train
6646-VRFOL,train
0067-DKWBL,train
7989-CHGTL,train
2581-VKIRT,train
6897-UUBNU,train
1337-BOZWO,train
1704-NRWYE,train
7285-KLOTR,train
9194-GFVOI,train
8404-VLQFB,train
9283-LZQOH,train
4424-TKOPW,train
9057-MSWCO,train
8158-WPEZG,train
3082-WQRVY,train
2668-TZSPS,train
1075-BGWOH,train
4003-FUSHP,train
5081-NWSUP,train
4123-FCVCB,train
4329-YPDDQ,train
2001-MCUUW,train
0004-TLHLJ,train
6077-BDPXA,train
6022-KOUQO,train
4640-UHDOS,train
8168-UQWWF,train
8728-SKJLR,train
8837-VVWLQ,train
9708-HPXWZ,train
6778-EICRF,train
2974-GGUXS,train
0983-TATYJ,train
5914-DVBWJ,train
8510-AWCXC,train
8456-QDAVC,train
2866-IKBTM,train
2061-VVFST,train
3785-KTYSH,train
3143-JQEGI,train
0851-DFJKB,train
7176-WIONM,train
4290-BSXUX,train
1763-KUAAW,train
4229-CZMLL,train
2432-TFSMK,train
4817-QRJSX,train
7530-HDYDS,train
4021-RQSNY,train
7554-AKDQF,train
0164-XAIRP,train
0556-FJEGU,train
3397-AVTKU,train
6457-GIRWB,train
4929-BSTRX,train
3707-GNWHM,train
6199-IWKGC,train
5578-NKCXI,train
5222-IMUKT,train
1498-NHTLT,train
4445-ZJNMU,train
6704-UTUKK,train
1057-FOGLZ,train
4750-UKWJK,train
7989-VCQOH,train
6715-OFDBP,train
4566-GOLUK,train
9824-QCJPK,train
7030-NJVDP,train
4607-CHPCA,train
5364-EVNIB,train
9190-MFJLN,train
2189-WWOEW,train
6284-AHOOQ,train
9079-YEXQJ,train
1355-KUSBG,train
4039-HEUNW,train
0902-RFHOF,train
6372-RFVNS,train
3746-EUBYR,train
4959-JOSRX,train
3714-JTVOV,train
0576-WNXXC,train
4825-FUREZ,train
4897-QSUYC,train
2478-EEWWM,train
1101-SSWAG,train
3374-LXDEV,train
9257-AZMTZ,train
2856-NNASM,train
0319-QZTCO,train
0786-VSSUD,train
4361-JEIVL,train
5382-SOYZL,train
1640-PLFMP,train
9782-LGXMC,train
1535-VTJOQ,train
1391-UBDAR,train
2146-EGVDT,train
3803-KMQFW,train
1970-KKFWL,train
7813-TKCVO,train
7469-LKBCI,train
5879-SESNB,train
4343-EJVQB,train
9424-CMPOG,train
5167-GBFRE,train
0842-IWYCP,train
6968-GMKPR,train
2692-BUCFV,train
9685-WKZGT,train
4547-KQRTM,train
9773-PEQBZ,train
5751-USDBL,train
9027-TMATR,train
9269-CQOOL,train
0307-BCOPK,train
5651-WYIPH,train
2928-HLDBA,train
0568-ONFPC,train
3744-ZRRDZ,train
8601-QACRS,train
2656-FMOKZ,train
1724-IQWNM,train
4403-BWPAY,train
6128-CZOMY,train
6402-ZFPPI,train
9209-NWPGU,train
8108-UXRQN,train
6582-OIVSP,train
2228-BZDEE,train
3640-PHQXK,train
7112-OPOTK,train
0661-WCQNQ,train
0564-MUUQK,train
5650-YLIBA,train
8260-NGFNY,train
7634-WSWDB,train
4713-LZDRV,train
5271-DBYSJ,train
3348-CFRNX,train
9867-XOBQA,train
2229-VWQJH,train
4660-IRIBM,train
6746-WAUWT,train
0701-RFGFI,train
1114-CENIM,train
7596-LDUXP,train
3253-HKOKL,train
4195-SMMNX,train
5173-ZXXXL,train
2882-DDZPG,train
7328-ZJAJO,train
1335-MXCSE,train
9581-GVBXT,train
6683-VLCTZ,train
7858-GTZSP,train
2931-VUVJN,train
7823-JSOAG,train
9853-JFZDU,train
1862-QRWPE,train
8777-PVYGU,train
2386-OWURY,train
1501-SGHBW,train
9578-VRMNM,train
1051-EQPZR,train
2761-XECQW,train
7018-WBJNK,train
5244-IRFIH,train
4054-CUMIA,train
5515-AKOAJ,train
8443-WVPSS,train
0082-LDZUE,train
3312-ZWLGF,train
9746-YKGXB,train
0897-FEGMU,train
0637-YLETY,train
0220-EBGCE,train
3315-IKYZQ,train
9620-QJREV,train
6890-PFRQX,train
8735-IJJEG,train
4700-UBQMV,train
9374-YOLBJ,train
7337-CINUD,train
3346-BRMIS,train
5651-CPDND,train
5821-MMEIL,train
5349-IECLD,train
5536-RTPWK,train
9944-HKVVB,train
4193-ORFCL,train
1850-AKQEP,train
6199-IPCAO,train
0011-IGKFF,train
1485-YDHMM,train
1776-SPBWV,train
8620-RJPZN,train
5206-HPJKM,train
4993-JCRGJ,train
1247-QBVSH,train
2800-VEQXM,train
4955-VCWBI,train
4299-OPXEJ,train
4032-RMHCI,train
6260-XLACS,train
0475-RIJEP,train
4860-IJUDE,train
0285-INHLN,train
4927-WWOOZ,train
0807-ZABDG,train
8409-WQJUX,train
1872-EBWSC,train
2962-XPMCQ,train
1098-TDVUQ,train
6128-DAFVY,train
5863-OOKCL,train
7854-EDSSA,train
4373-VVHQL,train
5847-MXBEO,train
2150-WLKUW,train
2087-QAREY,train
4273-MBHYA,train
7315-WYOAW,train
8631-XVRZL,train
0841-NULXI,train
4808-YNLEU,train
5701-GUXDC,train
7245-JMTTQ,train
7746-QYVCO,train
8393-JMVMB,train
2254-DLXRI,train
4124-MMETB,train
5433-KYGHE,train
7526-IVLYU,train
9249-FXSCK,train
2984-MIIZL,train
0094-OIFMO,train
9576-ANLXO,train
4468-YDOVK,train
6994-ORCWG,train
6502-KUGLL,train
6839-ITVZJ,train
8434-PNQZX,train
4567-AKPIA,train
4377-VDHYI,train
6559-RAKOZ,train
5149-CUZUJ,train
7876-BEUTG,train
0114-RSRRW,train
4250-FDVOU,train
4521-YEEHE,train
0017-DINOC,train
8565-CLBZW,train
5219-YIPTK,train
3162-KKZXO,train
1371-WEPDS,train
3799-ISUZQ,train
4391-LNRXK,train
4884-ZTHVF,train
5835-BEQEU,train
7563-BIUPC,train
7064-FRRSW,train
3259-QMXUN,train
8695-ARGXZ,train
2995-YWTCD,train
6086-ESGRL,train
9646-NMHXE,train
3717-LNXKW,train
4526-RMTLL,train
9093-FPDLG,train
8775-CEBBJ,train
3441-CGZJH,train
4628-WQCQQ,train
5898-IGSLP,train
3439-GVUSX,train
2683-BPJSO,train
5889-JTMUL,train
6641-XRPSU,train
2645-QTLMB,train
6518-PPLMZ,train
3643-AHCFP,train
4304-XUMGI,train
8614-VGMMV,train
2410-CIYFZ,train
6048-NJXHX,train
5980-NOPLP,train
3794-NFNCH,train
5186-EJEGL,train
3106-ULWFW,train
8267-ZNYVZ,train
9506-UXUSK,train
2038-OEQZH,train
7901-IIDQV,train
1628-BIZYP,train
0308-IVGOK,train
6135-OZQVA,train
8259-NFJTV,train
5602-BVFMK,train
4123-DVHPH,train
3043-TYBNO,train
8058-JMEQO,train
5842-POCOP,train
2697-NQBPF,train
1193-RTSLK,train
3557-HTYWR,train
0621-TSSMU,train
5293-WXJAK,train
1757-TCATG,train
1821-BUCWY,train
4652-NNHNY,train
0121-SNYRK,train
9282-IZGQK,train
0928-XUTSN,train
6114-TCFID,train
9411-TPQQV,train
0557-ASKVU,train
2342-CKIAO,train
7508-SMHXL,train
2040-VZIKE,val
1936-CZAKF,val
0572-ZJKLT,val
7739-LAXOG,val
1794-HBQTJ,val
9891-NQDBD,val
4381-MHQDC,val
8577-QSOCG,val
0268-QKIWO,val
1848-LBZHY,val
2883-ILGWO,val
5808-TOTXO,val
4359-INNWN,val
0840-DCNZE,val
0515-YPMCW,val
5143-EGQFK,val
6741-EGCBI,val
3003-CMDUU,val
8644-XYTSV,val
2654-VBVPB,val
1262-OPMFY,val
3927-NLNRY,val
2919-HBCJO,val
9741-YLNTD,val
2749-CTKAJ,val
5934-RMPOV,val
2277-AXSDC,val
2495-KZNFB,val
4664-NJCMS,val
1173-NOEYG,val
3936-QQFLL,val
1840-BIUOG,val
2921-XWDJH,val
8812-ZRHFP,val
2609-IAICY,val
2215-ZAFGX,val
2235-DWLJU,val
9667-TKTVZ,val
6537-QLGEX,val
5876-QMYLD,val
7748-UMTRK,val
5353-WILCI,val
6075-SLNIL,val
7398-LXGYX,val
8851-RAGOV,val
7268-IGMFD,val
9308-ANMVE,val
8332-OSJDW,val
8051-HJRLT,val
7975-TZMLR,val
1074-AMIOH,val
7587-AOVVU,val
7147-AYBAA,val
2905-KFQUV,val
9702-AIUJO,val
5940-NFXKV,val
4067-HLYQI,val
5288-AHOUP,val
9185-TQCVP,val
4189-NAKJS,val
1569-TTNYJ,val
3316-UWXUY,val
5378-IKEEG,val
0461-CVKMU,val
3744-ZBHON,val
2982-IHMFT,val
9040-KZVWO,val
5519-TEEUH,val
5555-RNPGT,val
3138-BKYAV,val
4729-XKASR,val
7426-RHZGU,val
3956-CJUST,val
0224-NIJLP,val
2660-EMUBI,val
9278-VZKCD,val
8063-GBATB,val
3815-SLMEF,val
9432-VOFYX,val
8938-UMKPI,val
8107-KNCIM,val
5136-GFPMB,val
0607-MVMGC,val
8003-EWNDZ,val
1399-OUPJN,val
5035-PGZXH,val
5020-ZSTTY,val
1964-SVLEA,val
5919-VCZYM,val
6898-RBTLU,val
2656-TABEH,val
9189-JWSHV,val
2812-ENYMO,val
7395-XWZOY,val
5277-ZLOOR,val
9495-REDIY,val
9465-RWMXL,val
2528-HFYZX,val
6738-ISCBM,val
8439-LTUGF,val
0328-GRPMV,val
3334-CTHOL,val
2799-ARNLO,val
5778-BVOFB,val
1577-HKTFG,val
3727-OWVYD,val
9992-RRAMN,val
8904-OPDCK,val
0206-OYVOC,val
8242-SOQUO,val
1754-GKYPY,val
9809-IMGCQ,val
9763-PDTKK,val
0071-NDAFP,val
5016-LIPDW,val
1156-ZFYDO,val
4903-CNOZC,val
6933-VLYFX,val
8318-LCNBW,val
9327-QSDED,val
7663-ZTEGJ,val
3400-ESFUW,val
6212-ATMLK,val
0932-YIXYU,val
1062-LHZOD,val
8626-XHBIE,val
0219-YTZUE,val
7803-XOCCZ,val
0206-TBWLC,val
0523-VNGTF,val
5998-VVEJY,val
0617-FHSGK,val
2474-BRUCM,val
1935-IMVBB,val
3519-ZKXGG,val
7452-FOLON,val
1597-LHYNC,val
2038-LLMLM,val
4549-ZDQYY,val
7271-AJDTL,val
8384-FZBJK,val
0869-PAPRP,val
8676-TRMJS,val
7138-GIRSH,val
0193-ESZXP,val
2911-WDXMV,val
8050-DVOJX,val
0032-PGELS,val
7921-LMDFQ,val
9253-QXKBE,val
2101-RANCD,val
1228-ZLNBX,val
4592-IWTJI,val
7605-SNLQG,val
9830-ECLEN,val
7492-TAFJD,val
7636-OWBPG,val
9365-SRSZE,val
2190-BCXEC,val
4919-MOAVT,val
1976-CFOCS,val
7663-RGWBC,val
6918-UMQCG,val
9621-OUPYD,val
0380-ZCSBI,val
7603-USHJS,val
1031-IIDEO,val
4632-XJMEX,val
6578-KRMAW,val
1422-DGUBX,val
5366-OBVMR,val
1240-KNSEZ,val
9481-SFCQY,val
3863-IUBJR,val
7993-NQLJE,val
5049-GLYVG,val
5131-PONJI,val
1307-ATKGB,val
2876-GZYZC,val
2245-ADZFJ,val
9732-OUYRN,val
6847-KJLTS,val
9600-UDOPK,val
3806-DXQOM,val
8067-NIOYM,val
8249-THVEC,val
3423-HHXAO,val
1402-PTHGN,val
1703-MGIAB,val
4201-JMNGR,val
0334-GDDSO,val
0420-HLGXF,val
1163-ONYEY,val
4826-XTSOH,val
5338-YHWYT,val
7661-CPURM,val
4806-HIPDW,val
6982-UQZLY,val
2773-MADBQ,val
6356-ELRKD,val
9732-EQMWY,val
8645-KWHJO,val
7623-HKYRK,val
3336-JORSO,val
8519-IMDHU,val
5322-ZSMZY,val
5175-AOBHI,val
9633-XQABV,val
6840-RESVB,val
9451-WLYRI,val
4760-THGOT,val
2483-XSSMZ,val
8129-GMVGI,val
7446-KQISO,val
8224-DWCKX,val
6421-SZVEM,val
6103-LIANB,val
2506-CLAKW,val
0178-CIIKR,val
9700-ISPUP,val
2868-MZAGQ,val
7813-ZGGAW,val
1663-MHLHE,val
6023-YEBUP,val
7321-KKSDU,val
1207-BLKSA,val
0320-DWVTU,val
2826-UWHIS,val
1069-QJOEE,val
4878-BUNFV,val
7028-DVOIQ,val
7611-YKYTC,val
1455-ESIQH,val
2845-AFFTX,val
6786-OBWQR,val
7336-RLLRH,val
0107-YHINA,val
6603-QWSPR,val
3707-LRWZD,val
4576-CSAJH,val
1357-MVDOZ,val
1591-NFNLQ,val
6609-MXJHJ,val
3278-FSIXX,val
1139-WUOAH,val
7529-ZDFXI,val
6582-PLFUU,val
2692-PFYTJ,val
7024-OHCCK,val
1582-RAFML,val
6770-XUAGN,val
3955-JBZZM,val
4484-CGXFK,val
5108-ADXWO,val
5619-PTMIK,val
5793-YOLJN,val
1855-AGAWH,val
5136-RGMZO,val
1678-FYZOW,val
4188-PCPIG,val
2073-QBVBI,val
2523-EWWZL,val
7657-DYEPJ,val
2150-UWTFY,val
0064-YIJGF,val
6888-SBYAI,val
6734-CKRSM,val
4572-DVCGN,val
5995-SNNEW,val
8086-OVPWV,val
1217-VASWC,val
7107-UBYKY,val
5590-ZSKRV,val
6217-TOWGS,val
4472-LVYGI,val
4785-QRJHC,val
1963-VAUKV,val
4636-OLWOE,val
5642-MHDQT,val
5356-KZCKT,val
8992-VONJD,val
1328-EUZHC,val
6917-YACBP,val
1741-WTPON,val
9167-APMXZ,val
3982-XWFZQ,val
7932-WPTDS,val
7636-PEPNS,val
2794-XIMMO,val
0628-CNQRM,val
9137-UIYPG,val
7526-BEZQB,val
2599-CZABP,val
9818-XQCUV,val
9919-YLNNG,val
5240-IJOQT,val
4797-MIWUM,val
3780-YVMFA,val
1452-VOQCH,val
9564-KCLHR,val
4570-QHXHL,val
4712-AUQZO,val
4672-FOTSD,val
5366-IJEQJ,val
1371-DWPAZ,val
4140-WJAWW,val
8945-MUQUF,val
3842-IYKUE,val
7404-JLKQG,val
9150-KPBJQ,val
3162-ZJZFU,val
5724-BIDBU,val
4254-QPEDE,val
3413-CSSTH,val
7341-LXCAF,val
9788-YTFGE,val
7159-FVYPK,val
8706-HRADD,val
3985-HOYPM,val
8976-OQHGT,val
2160-GPFXD,val
4779-ZGICK,val
4472-VESGY,val
2716-GFZOR,val
8950-MTZNV,val
2433-KMEAS,val
2018-QKYGT,val
4584-LBNMK,val
1629-DQQVB,val
6629-LADHQ,val
8985-OOPOS,val
9381-NDKME,val
5229-DTFYB,val
4311-QTTAI,val
5012-YSPJJ,val
4776-XSKYQ,val
4933-IKULF,val
3588-WSTTJ,val
8429-XIBUM,val
2568-OIADY,val
9402-ORRAH,val
8098-LLAZX,val
5318-YKDPV,val
4361-FEBGN,val
8696-JKZNU,val
3988-RQIXO,val
0886-QGENL,val
3621-CEOVK,val
4077-CROMM,val
0691-IFBQW,val
9873-MNDKV,val
0810-BDHAW,val
3235-ETOOB,val
4471-KXAUH,val
9281-PKKZE,val
3452-SRFEG,val
6214-EDAKZ,val
9508-ILZDG,val
7743-EXURX,val
5949-HGVJL,val
7838-LAZFO,val
8356-WUAOJ,val
2722-JMONI,val
7593-XFKDI,val
2187-LZGPL,val
1472-TNCWL,val
3982-JGSFD,val
8044-BGWPI,val
7905-NJMXS,val
7943-RQCHR,val
1218-VKFPE,val
4680-KUTAJ,val
5883-GTGVD,val
2576-HXMPA,val
8076-FEZKJ,val
8305-VHZBZ,val
4919-IKATY,val
4547-FZJWE,val
4659-NZRUF,val
8672-OAUPW,val
1810-BOHSY,val
9214-EKVXR,val
8785-EPNCG,val
7883-ROJOC,val
3703-VAVCL,val
6410-LEFEN,val
8779-QRDMV,val
2672-DZUOY,val
6425-JWTDV,val
8608-OZTLB,val
3995-WFCSM,val
6339-DKLMK,val
9606-PBKBQ,val
8967-SZQAS,val
5583-EJXRD,val
8752-STIVR,val
4718-DHSMV,val
7669-LCRSD,val
2075-PUEPR,val
9909-DFRJA,val
2676-OXPPQ,val
5923-GXUOC,val
3096-JRDSO,val
3604-WLABM,val
6366-XIVKZ,val
7619-ODSGN,val
2266-FUBDZ,val
9030-QGZNL,val
4154-AQUGT,val
9261-WDCAF,val
3082-YVEKW,val
3981-QSVQI,val
3486-NPGST,val
2507-QZPQS,val
1769-GRUIK,val
5216-WASFJ,val
7140-ADSMJ,val
3298-QEICA,val
7683-CBDKJ,val
5732-IKGQH,val
0867-MKZVY,val
5103-MHMHY,val
2786-GCDPI,val
4458-KVRBJ,val
0315-LVCRK,val
8974-OVACP,val
7279-BUYWN,val
0378-XSZPU,val
1580-BMCMR,val
7351-KYHQH,val
3570-YUEKJ,val
9112-WSNPU,val
8178-EYZUO,val
9987-LUTYD,val
3039-MJSLN,val
8069-YQQAJ,val
9360-OMDZZ,val
2931-XIQBR,val
2612-RRIDN,val
4747-LCAQL,val
3724-BSCVH,val
7055-HNEOJ,val
9494-MRNYX,val
1574-DYCWE,val
9514-JDSKI,val
4619-EVPHY,val
1989-PRJHP,val
5628-RKIFK,val
5393-RXQSZ,val
5091-HFAZW,val
3320-VEOYC,val
1839-UMACK,val
5310-NOOVA,val
1395-WSWXR,val
2034-CGRHZ,val
0506-YLVKJ,val
2725-IWWBA,val
2719-BDAQO,val
6339-RZCBJ,val
1342-JPNKI,val
1621-YNCJH,val
0754-UKWQP,val
0434-CSFON,val
4140-MUHUG,val
5616-PRTNT,val
2959-MJHIC,val
3845-JHAMY,val
5896-NPFWW,val
4818-QIUFN,val
4223-BKEOR,val
5590-YRFJT,val
4652-ODEVH,val
8270-RKSAP,val
3398-ZOUAA,val
1725-IQNIY,val
3898-BSJYF,val
1015-OWJKI,val
4636-JGAAI,val
8623-TMRBY,val
8695-WDYEA,val
7402-PWYJJ,val
4072-IPYLT,val
8901-HJXTF,val
2858-EIMXH,val
3969-GYXEL,val
2519-FAKOD,val
4402-FTBXC,val
9206-GVPEQ,val
2144-ESWKO,val
2657-ALMWY,val
7605-BDWDC,val
0196-VULGZ,val
6655-LHBYW,val
2675-IJRGJ,val
0269-XFESX,val
2929-ERCFZ,val
0730-KOAVE,val
3243-ZHOHY,val
8910-ICHIU,val
8605-ITULD,val
7928-VJYAB,val
9058-CBREO,val
2362-IBOOY,val
7658-UYUQS,val
8647-SDTWQ,val
7925-PNRGI,val
1784-EZDKJ,val
2150-OEGBV,val
9795-VOWON,val
6618-RYATB,val
8388-DMKAE,val
4183-MYFRB,val
7502-BNYGS,val
3018-TFTSU,val
1465-WCZVT,val
2924-KHUVI,val
2874-YXVVA,val
0815-MFZGM,val
9364-YKUVW,val
0991-BRRFB,val
3457-PQBYH,val
5047-LHVLY,val
9804-ICWBG,val
0997-YTLNY,val
8380-MQINP,val
4237-CLSMM,val
6586-PSJOX,val
7593-JNWRU,val
2770-NSVDG,val
6848-YLDFR,val
1907-UBQFC,val
7382-DFJTU,val
7483-IQWIB,val
9084-OAYKL,val
8205-MQUGY,val
0697-ZMSWS,val
2240-HSJQD,val
7018-FPXHH,val
9850-OWRHQ,val
5961-VUSRV,val
4713-ZBURT,val
4525-VZCZG,val
2203-GHNWN,val
8276-MQBYC,val
6791-YBNAK,val
5445-GLVOT,val
6769-DCQLI,val
4315-MURBD,val
7996-BPXHY,val
4083-EUGRJ,val
2325-ZUSFD,val
8677-HDZEE,val
8775-LHDJH,val
8380-PEFPE,val
1915-OAKWD,val
7852-LECYP,val
5671-UUNXD,val
9696-RMYBA,val
7061-OVMIM,val
0030-FNXPP,val
4698-KVLLG,val
4487-ZYJZK,val
6022-UGGSO,val
5918-VUKWP,val
7993-PYKOF,val
8010-EZLOU,val
9821-POOTN,val
4830-FAXFM,val
1024-KPRBB,val
7516-GMHUV,val
1660-HSOOQ,val
7033-CLAMM,val
8436-BJUMM,val
5176-LMJXE,val
7812-FZHPE,val
1921-KYSAY,val
0428-IKYCP,val
3525-DVKFN,val
7384-GHBPI,val
2587-EKXTS,val
1047-NNCBF,val
4500-HKANN,val
6286-SUUWT,val
2065-MMKGR,val
0125-LZQXK,val
0376-OIWME,val
0508-SQWPL,val
9134-CEQMF,val
3874-EQOEP,val
1785-BPHTP,val
6621-YOBKI,val
8050-WYBND,val
1122-JWTJW,val
1153-GNOLC,val
6770-UAYGJ,val
5315-CKEQK,val
0536-ESJEP,val
5839-SUYVZ,val
6954-OOYZZ,val
2869-ADAWR,val
3946-MHCZW,val
2239-JALAW,val
9039-ZVJDC,val
0529-ONKER,val
1324-NLTJE,val
9840-EFJQB,val
9691-HKOVS,val
3191-CSNMG,val
5249-QYHEX,val
7698-YFGEZ,val
7396-VJUZB,val
9617-INGJY,val
0103-CSITQ,val
7241-AJHFS,val
0305-SQECB,val
9927-DSWDF,val
9667-EQRXU,val
8680-CGLTP,val
4106-HADHQ,val
8990-ZXLSU,val
6994-KERXL,val
9603-OAIHC,val
5698-BQJOH,val
1159-WFSGR,val
1140-UKVZG,val
1471-GIQKQ,val
9029-FEGVJ,val
3733-ZEECP,val
1423-BMPBQ,val
2568-BRGYX,val
1202-KKGFU,val
5482-NUPNA,val
9426-SXNHE,val
4879-GZLFH,val
7721-JXEAW,val
1270-XKUCC,val
9323-HGFWY,val
9451-LPGOO,val
1303-SRDOK,val
4983-CLMLV,val
1991-VOPLL,val
4439-JMPMT,val
3002-WQZWT,val
2880-FPNAE,val
6064-PUPMC,val
1393-IMKZG,val
4016-BJKTZ,val
8943-URTMR,val
3420-ZDBMA,val
6862-CQUMB,val
7445-WMRBW,val
7326-RIGQZ,val
5002-GCQFH,val
0516-QREYC,val
3685-YLCMQ,val
3946-JEWRQ,val
8550-XSXUQ,val
8660-BUETV,val
7551-JOHTI,val
9774-NRNAU,val
9546-KDTRB,val
6891-JPYFF,val
0168-XZKBB,val
2320-YKQBO,val
1899-VXWXM,val
5062-CJJKH,val
3256-EZDBI,val
8212-DJRCH,val
1518-VOWAV,val
3128-YOVTD,val
4503-BDXBD,val
8591-TKMZH,val
5186-SAMNZ,val
5919-TMRGD,val
0625-AFOHS,val
9711-FJTBX,val
8970-ANWXO,val
4906-ZHGPK,val
6513-EECDB,val
9546-CQJSU,val
6288-LBEAR,val
4083-BFNYK,val
0746-JTRFU,val
4536-PLEQY,val
2754-SDJRD,val
3178-CIFOT,val
2012-NWRPA,val
9200-NLNPD,val
3793-MMFUH,val
8138-EALND,val
5630-AHZIL,val
3524-WQDSG,val
0412-UCCNP,val
7088-FBAWU,val
5855-EIBDE,val
0524-IAVZO,val
1614-JBEBI,val
8966-KZXXA,val
6240-EURKS,val
9467-ROOLM,val
2792-LSHWX,val
0853-NWIFK,val
8216-AZUUZ,val
8799-OXZMD,val
4585-HETAI,val
7994-UYIVZ,val
3446-QDSZF,val
4238-JSSWH,val
0282-NVSJS,val
6229-UOLQL,val
3926-YZVVX,val
3452-GWUIN,val
2511-MORQY,val
3196-NVXLZ,val
0520-FDVVT,val
2892-GESUL,val
0602-DDUML,val
9878-TNQGW,val
8903-XEBGX,val
3407-QGWLG,val
7026-YMSBE,val
8739-XNIKG,val
4529-CKBCL,val
0781-LKXBR,val
5447-WZAFP,val
9762-YAQAA,val
4587-VVTOX,val
3415-TAILE,val
1518-OMDIK,val
8562-GHPPI,val
9168-INPSZ,val
5294-DMSFH,val
3137-NYQQI,val
4566-NECEV,val
1709-EJDOX,val
3178-FESZO,val
4795-KTRTH,val
0506-LVNGN,val
3945-GFWQL,val
5875-YPQFJ,val
9347-AERRL,val
5512-IDZEI,val
7460-ITWWP,val
0788-DXBFY,val
9863-JZAIC,val
6907-CQGPN,val
5832-EXGTT,val
6467-CHFZW,val
0854-UYHZD,val
2498-XLDZR,val
2717-HVIZY,val
7841-TZDMQ,val
8914-RBTSB,val
0743-HRVFF,val
7665-NKLAV,val
1502-XFCVR,val
0939-EREMR,val
8058-INTPH,val
3898-GUYTS,val
9061-TIHDA,val
6311-UEUME,val
6645-MXQJT,val
7305-ZWMAJ,val
3551-GAEGL,val
2139-FQHLM,val
7594-RQHXR,val
6583-QGCSI,val
1571-SAVHK,val
7580-UGXNC,val
2242-MFOTG,val
3223-WZWJM,val
5906-BFOZT,val
6979-TNDEU,val
6035-RIIOM,val
5424-RLQLC,val
4080-IIARD,val
7587-RZNME,val
9489-UTFKA,val
1731-TVIUK,val
8552-OBVRU,val
6432-TWQLB,val
2884-GBPFB,val
4538-WNTMJ,val
7427-AUFPY,val
5095-ETBRJ,val
8006-PYCSW,val
8999-YPYBV,val
0495-ZBNGW,val
7109-CQYUZ,val
8204-TIFGJ,val
2123-AGEEN,val
1171-TYKUR,val
2957-LOLHO,val
2316-ESMLS,val
5709-LVOEQ,val
9845-QOMAD,val
0959-WHOKV,val
6078-VESFR,val
2300-RQGOI,val
3318-ISQFQ,val
5119-KEPFY,val
0516-VRYBW,val
7298-IZWLY,val
5313-FPXWG,val
0265-EDXBD,val
7668-XCFYV,val
9101-BWFSS,val
0013-EXCHZ,val
7876-AEHIG,val
3221-CJMSG,val
0141-YEAYS,val
4061-UKJWL,val
2592-YKDIF,val
1635-FJFCC,val
8161-QYMTT,val
6175-IRFIT,val
9386-LDCZR,val
4724-WXVWF,val
9501-UKKNL,val
1087-UDSIH,val
5129-HHMZC,val
9717-QEBGU,val
7639-SUPCW,val
3276-HDUEG,val
2898-LSJGD,val
4558-CGYCZ,val
8652-YHIYU,val
3877-JRJIP,val
1930-BZLHI,val
1842-EZJMK,val
9752-ZNQUT,val
9239-ZBZZV,val
8091-TTVAX,val
0927-LCSMG,val
3978-YNKDD,test
6656-JWRQX,test
3723-BFBGR,test
8761-NSOBC,test
8066-POXGX,test
6407-UTSLV,test
8357-EQXFO,test
8189-XRIKE,test
5899-OUVKV,test
3956-MGXOG,test
6479-SZPLM,test
0963-ZBDRN,test
8266-VBFQL,test
4510-HIMLV,test
7123-WQUHX,test
6595-YGXIT,test
7599-FKVXZ,test
6502-HCJTI,test
9895-VFOXH,test
3005-TYFRD,test
9798-DRYDS,test
3841-CONLJ,test
9399-APLBT,test
0570-BFQHT,test
5312-TSZVC,test
6326-MTTXK,test
3370-HXOPH,test
2959-FENLU,test
2452-SNHFZ,test
4091-TVOCN,test
6233-HXJMX,test
0114-PEGZZ,test
5061-PBXFW,test
1550-EENBN,test
5231-FIQPA,test
9553-DLCLU,test
7799-DSEWS,test
6856-RAURS,test
8149-AIQCG,test
7641-TQFHN,test
4918-FYJNT,test
2465-BLLEU,test
9089-UOWJG,test
1120-BMWUB,test
7346-MEDWM,test
1169-WCVAK,test
6250-CGGUN,test
5876-HZVZM,test
2040-OBMLJ,test
2720-FVBQP,test
1045-LTCYT,test
5899-MQZZL,test
8532-UEFWH,test
2357-COQEK,test
5067-DGXLL,test
7041-TXQJH,test
5666-CYCYZ,test
1236-WFCDV,test
8486-AYEQH,test
0484-FFVBJ,test
3466-BYAVD,test
4237-RLAQD,test
6016-LVTJQ,test
2325-WINES,test
9928-BZVLZ,test
4583-PARNH,test
3113-IWHLC,test
7394-LWLYN,test
4030-VPZBD,test
0599-XNYDO,test
7787-BNTZM,test
2475-MROZF,test
3750-RNQKR,test
9503-XJUME,test
2495-INZWQ,test
6598-RFFVI,test
8023-QHAIO,test
1098-KFQEC,test
8514-VZHEB,test
1215-VFYVK,test
5118-MUEYH,test
2207-NHRJK,test
8606-OEGQZ,test
3393-FMZPV,test
4685-ERGHK,test
4686-UXDML,test
5201-USSQZ,test
8082-GHXOP,test
4911-BANWH,test
1527-SXDPN,test
0191-ZHSKZ,test
3389-KTRXV,test
9497-QCMMS,test
2482-CZGBB,test
4559-UWIHT,test
0587-DMGBH,test
5566-SOEZD,test
5372-FBKBN,test
3387-PLKUI,test
6303-KFWSL,test
0384-RVBPI,test
5130-IEKQT,test
4332-MUOEZ,test
5960-WPXQM,test
2384-OVPSA,test
4291-YZODP,test
5973-EJGDP,test
4102-OQUPX,test
4671-LXRDQ,test
9512-UIBFX,test
2947-DOMLJ,test
5760-IFJOZ,test
5995-LFTLE,test
6825-UYPFK,test
4616-EWBNJ,test
9661-ACXBS,test
0366-NQSHS,test
2988-PLAHS,test
0256-LTHVJ,test
3629-ZNKXA,test
8111-BKVDS,test
0428-AXXLJ,test
4176-FXYBO,test
4255-DDUOU,test
5804-JMYIO,test
1184-PJVDB,test
9831-BPFRI,test
7421-ZLUPA,test
3285-UCQVC,test
5171-EPLKN,test
7446-SFAOA,test
1877-HKBQX,test
1853-UDXBW,test
5183-SNMJQ,test
5057-LCOUI,test
6110-OHIHY,test
4116-IQRFR,test
1998-VHJHK,test
2284-VFLKH,test
0093-XWZFY,test
0215-BQKGS,test
4397-FRLTA,test
5480-XTFFL,test
2332-TODQS,test
8133-ANHHJ,test
7459-IMVYU,test
6164-HXUGH,test
2926-JEJJC,test
5060-TQUQN,test
6300-BWMJX,test
6223-DHJGV,test
2369-FEVNO,test
7181-OQCUT,test
1179-INLAT,test
5917-HBSDW,test
2180-DXNEG,test
2897-DOVND,test
8200-KLNYW,test
0463-TXOAK,test
5804-LEPIM,test
8106-GWQOK,test
0386-CWRGM,test
2853-CWQFQ,test
6034-YMTOB,test
7163-OCEQI,test
9103-CXVOK,test
4608-LCIMN,test
0641-EVBOJ,test
9102-OXKFY,test
3177-LASXD,test
8779-YIQQA,test
7379-FNIUJ,test
8996-ZROXE,test
3597-MVHJT,test
1792-UXAFY,test
2205-LPVGL,test
1814-DKOLC,test
8642-GVWRF,test
2894-QOJRX,test
6353-BRMMA,test
5066-GFJMM,test
0314-TKOSI,test
4018-KJYUY,test
5989-PGKJB,test
0076-LVEPS,test
3765-JXVKY,test
6510-UPNKS,test
5708-EVONK,test
0603-OLQDC,test
1952-DVVSW,test
7013-PSXHK,test
8019-ENHXU,test
4831-EOBFE,test
5669-SRAIP,test
5813-UECBU,test
3427-GGZZI,test
5478-JJVZK,test
1261-FWTTE,test
3696-XRIEN,test
5811-IWXYM,test
1099-GODLO,test
4822-YCXMX,test
2826-DXLQO,test
9152-AMKAK,test
1208-NBVFH,test
3338-CVVEH,test
3798-EPWRR,test
3606-TWKGI,test
5129-JLPIS,test
6546-OPBBH,test
9692-TUSXH,test
0913-XWSCN,test
6861-XWTWQ,test
9689-PTNPG,test
8740-CRYFY,test
5364-XYIRR,test
6347-DCUIK,test
0756-MPZRL,test
2454-RPBRZ,test
5473-KHBPS,test
5214-CHIWJ,test
9522-ZSINC,test
2580-ASVVY,test
9825-YCXWZ,test
3537-RYBHH,test
8681-ICONS,test
0330-IVZHA,test
4198-VFOEA,test
3445-HXXGF,test
8148-BPLZQ,test
0581-MDMPW,test
0187-QSXOE,test
0661-KQHNK,test
1397-XKKWR,test
6504-VBLFL,test
3468-DRVQJ,test
6849-OYAMU,test
0988-JRWWP,test
3594-BDSOA,test
4526-ZJJTM,test
5569-KGJHX,test
3482-ABPKK,test
6664-FPDAC,test
8844-TONUD,test
7077-XJMET,test
7638-QVMVY,test
3070-DVEYC,test
2408-WITXK,test
6967-QIQRV,test
9412-ARGBX,test
6961-MJKBO,test
3179-GBRWV,test
6207-WIOLX,test
8738-JOKAR,test
6217-KDYWC,test
2650-GYRYL,test
8808-ELEHO,test
5825-XJOCM,test
6923-EFPNL,test
3887-PBQAO,test
9060-HJJRW,test
8309-IEYJD,test
5049-MUBWG,test
9488-HGMJH,test
9053-EJUNL,test
0691-NIKRI,test
1658-TJVOA,test
7037-MTYVW,test
0019-GFNTW,test
7754-IXRMC,test
0871-URUWO,test
3363-EWLGO,test
3957-SQXML,test
1689-YQBYY,test
9699-UBQFS,test
4441-NIHPT,test
9306-CPCBC,test
5156-UMKOW,test
9633-DENPU,test
4829-AUOAX,test
0655-YDGFJ,test
4183-WCSEP,test
1264-BYWMS,test
9903-LYSAB,test
3845-FXCYS,test
3623-FQBOX,test
5975-BAICR,test
6478-HRRCZ,test
6275-YDUVO,test
6865-JZNKO,test
3694-GLTJM,test
7853-OETYL,test
6682-QJDGB,test
6821-JPCDC,test
0020-JDNXP,test
6345-HOVES,test
9734-UYXQI,test
6615-ZGEDR,test
7234-FECYN,test
3359-DSRKA,test
6733-LRIZX,test
2155-AMQRX,test
6815-ABQFQ,test
3884-HCSWG,test
6304-IJFSQ,test
2971-SGAFL,test
8034-RYTVV,test
3323-CPBWR,test
7654-YWJUF,test
3212-KXOCR,test
4295-YURET,test
9647-ERGBE,test
2330-PQGDQ,test
8280-MQRQN,test
8784-CGILN,test
7854-FOKSF,test
8868-WOZGU,test
9940-RHLFB,test
6834-NXDCA,test
6961-VCPMC,test
2257-BOVXD,test
3992-YWPKO,test
7766-CLTIC,test
7601-GNDYK,test
1116-DXXDF,test
4184-TJFAN,test
3058-HJCUY,test
7328-OWMOM,test
4554-YGZIH,test
0953-LGOVU,test
9342-VNIMQ,test
7354-OIJLX,test
4291-HYEBC,test
2675-OTVVJ,test
3733-LSYCE,test
5198-HQAEN,test
7175-NTIXE,test
9445-ZUEQE,test
7321-PKUYW,test
0380-NEAVX,test
2277-VWCNI,test
7758-XKCBS,test
2592-HODOV,test
7503-ZGUZJ,test
4929-ROART,test
4146-SVFUD,test
3567-PQTSO,test
8455-HIRAQ,test
2550-QHZGP,test
6362-QHAFM,test
4070-OKWVH,test
1960-UYCNN,test
4020-KIUDI,test
7274-RTAPZ,test
1492-QGCLU,test
8325-QRPZR,test
1401-FTHFQ,test
3283-WCWXT,test
5849-ASHZJ,test
8644-XLFBW,test
4981-FLTMF,test
0634-SZPQA,test
5895-QSXOD,test
6942-LBFDP,test
1410-RSCMR,test
2080-CAZNM,test
3923-CSIHK,test
9229-RQABD,test
0975-UYDTX,test
8022-BECSI,test
6917-IAYHD,test
1699-HPSBG,test
4580-TMHJU,test
3198-VELRD,test
9637-EIHEQ,test
4998-IKFSE,test
2815-CPTUL,test
4522-AKYLR,test
9541-PWTWO,test
9847-HNVGP,test
9095-HFAFX,test
8679-JOEVF,test
3627-FHKBK,test
3173-NVMPX,test
2669-OIDSD,test
3999-QGRJH,test
7598-UAASY,test
6894-LFHLY,test
7133-VBDCG,test
0620-DLSLK,test
4693-VWVBO,test
4849-PYRLQ,test
5845-BZZIB,test
9314-QDMDW,test
8734-FNWVH,test
2616-UUTFK,test
9912-GVSEQ,test
7206-GZCDC,test
7356-IWLFW,test
4137-BTIKL,test
5318-IXUZF,test
1346-UFHAX,test
1302-UHBDD,test
4029-HPFVY,test
8845-LWKGE,test
9576-SYUHJ,test
6907-FLBER,test
6937-GCDGQ,test
4946-EDSEW,test
2081-VEYEH,test
4075-JFPGR,test
3716-BDVDB,test
8741-LQOBK,test
0685-MLYYM,test
4547-LYTDD,test
2724-FJDYW,test
7363-QTBIW,test
3319-DWOEP,test
2887-JPYLU,test
9143-CANJF,test
7242-EDTYC,test
6416-TVAIH,test
9074-KGVOX,test
8433-WXGNA,test
7402-EYFXX,test
0870-VEMYL,test
2746-DIJLO,test
9957-YODKZ,test
7779-LGOVN,test
4361-BKAXE,test
7321-ZNSLA,test
0679-IDSTG,test
9350-ZXYJC,test
6549-YMFAW,test
6142-VSJQO,test
8313-AFGBW,test
4716-HHKQH,test
2533-TIBIX,test
5906-CVLHP,test
7017-VFULY,test
4662-EKDPQ,test
0306-JAELE,test
8040-MNRTF,test
7319-VENRZ,test
4523-WXCEF,test
5747-PMBSQ,test
7801-CEDNV,test
3590-TCXTB,test
3131-NWVFJ,test
7299-GNVPL,test
3721-CNEYS,test
1135-LMECX,test
6257-RJOHI,test
3717-FDJFU,test
6147-CBCRA,test
9565-JSNFM,test
1833-VGRUM,test
3682-YEUWS,test
6124-ACRHJ,test
8564-LDKFL,test
8361-LBRDI,test
7318-EIVKO,test
5349-AZPEW,test
1450-SKCVI,test
2758-RNWXS,test
5649-TJHOV,test
1205-WNWPJ,test
5222-JCXZT,test
2458-EOMRE,test
5970-GHJAW,test
9572-MTILT,test
3677-TNKIO,test
4573-JKNAE,test
6502-MJQAE,test
8144-DGHXP,test
9154-QDGTH,test
0455-XFASS,test
2361-UPSND,test
6330-JKLPC,test
9912-OMZDS,test
1038-ZAGBI,test
3769-MHZNV,test
8731-WBBMB,test
2129-ALKBS,test
9313-QOLTZ,test
2710-WYVXG,test
4712-UYOOI,test
7270-BDIOA,test
9496-IVVRP,test
1396-QWFBJ,test
4789-KWMXN,test
6650-VJONK,test
7450-NWRTR,test
6681-ZSEXG,test
6040-CGACY,test
7054-ENNGU,test
1552-CZCLL,test
8896-BQTTI,test
3125-RAHBV,test
5550-VFRLC,test
6184-DYUOB,test
5174-RNGBH,test
4641-FROLU,test
5884-GCYMI,test
7753-USQYQ,test
8982-NHAVY,test
7501-VTYLJ,test
0661-KBKPA,test
0887-HJGAR,test
2371-KFUOG,test
3230-IUALN,test
1020-JPQOW,test
7379-POKDZ,test
2805-EDJPQ,test
6133-OZILE,test
1231-YNDEK,test
2675-DHUTR,test
4001-TSBTV,test
5539-TMZLF,test
8099-MZPUJ,test
3452-FLHYD,test
8519-QJGJD,test
1241-FPMOF,test
9938-ZREHM,test
1724-BQUHA,test
0122-OAHPZ,test
0422-UXFAP,test
2890-WFBHU,test
7872-BAAZR,test
0311-QYWSS,test
9837-FWLCH,test
8430-TWCBX,test
4323-SADQS,test
0303-WMMRN,test
8290-YWKHZ,test
0536-BGFMZ,test
5626-MGTUK,test
5542-TBBWB,test
4508-OEBEY,test
5515-IDEJJ,test
2700-LUEVA,test
5956-VKDTT,test
8617-ENBDS,test
3572-UUHRS,test
9833-TGFHX,test
3823-KYNQY,test
3551-HUAZH,test
5614-DNZCE,test
9277-JOOMO,test
1320-REHCS,test
0373-AIVNJ,test
4132-POCZS,test
6821-BUXUX,test
1329-VHWNP,test
0082-OQIQY,test
9681-KYGYB,test
9640-ZSLDC,test
5832-TRLPB,test
6620-JDYNW,test
3853-LYGAM,test
6838-HVLXG,test
4717-GHADL,test
2651-ZCBXV,test
9223-UCPVT,test
6281-FKEWS,test
1950-KSVVJ,test
0147-ESWWR,test
2154-KVJFF,test
0673-IGUQO,test
6907-NZZIJ,test
6119-SPUDB,test
6259-WJQLC,test
2676-SSLTO,test
2436-QBZFP,test
9619-GSATL,test
5373-SFODM,test
5569-OUICF,test
1336-EZFZY,test
7660-HDPJV,test
1845-ZLLIG,test
2575-GFSOE,test
1047-RNXZV,test
9618-LFJRU,test
4128-ETESU,test
8992-OBVDG,test
9351-LZYGF,test
0295-QVKPB,test
9648-BCHKM,test
0432-CAJZV,test
7272-QDCKA,test
7672-VFMXZ,test
5552-ZNFSJ,test
2476-YGEFM,test
4896-CPRPF,test
7044-YAACC,test
7908-QCBCA,test
0239-OXEXL,test
5331-RGMTT,test
1183-CANVH,test
7142-HVGBG,test
7817-BOQPW,test
6030-REHUX,test
9961-JBNMK,test
2049-BAFNW,test
2038-YSEZE,test
1258-YMZNM,test
2811-POVEX,test
9150-HEPMB,test
4657-FWVFY,test
1465-LNTLJ,test
7785-RDVIG,test
6298-QDFNH,test
6532-YLWSI,test
6072-NUQCB,test
2027-OAQQC,test
5141-ZUVBH,test
6711-VTNRE,test
1024-VRZHF,test
7395-IGJOS,test
6235-VDHOM,test
0872-NXJYS,test
0257-ZESQC,test
8630-FJLIB,test
9173-IVZVP,test
6543-CPZMK,test
7982-VCELR,test
4933-BSAIP,test
6322-HRPFA,test
2220-IAHLS,test
7054-DMVAS,test
6689-TCZHQ,test
2595-KIWPV,test
3547-LQRIK,test
1557-EMYVT,test
5449-FIBXJ,test
6877-LGWXO,test
6844-DZKRF,test
3727-JEZTU,test
5937-EORGB,test
4951-UKAAQ,test
4282-YMKNA,test
1689-MRZQR,test
6480-YAGIY,test
5940-AHUHD,test
5295-PCJOO,test
8148-NLEGT,test
7511-YMXVQ,test
3229-USWAR,test
3351-NGXYI,test
1658-BYGOY,test
1448-PWKYE,test
3164-AALRN,test
9136-ALYBR,test
2636-OHFMN,test
8746-OQQRW,test
2332-EFBJY,test
5816-SCGFC,test
1447-GIQMR,test
3565-UNOCC,test
8740-XLHDR,test
9441-QHEVC,test
7627-JKIAZ,test
0533-BNWKF,test
4495-LHSSK,test
8878-RYUKI,test
1042-HFUCW,test
0447-RXSGD,test
9611-CTWIH,test
3752-CQSJI,test
9575-IWCAZ,test
4765-OXPPD,test
6447-GORXK,test
0939-YAPAF,test
5365-LLFYV,test
6905-NIQIN,test
9909-IDLEK,test
3199-XGZCY,test
6169-PPETC,test
4716-MRVEN,test
4002-BQWPQ,test
8331-ZXFOE,test
6624-JDRDS,test
4143-HHPMK,test
8327-LZKAS,test
1273-MTETI,test
5018-HEKFO,test
9710-NJERN,test
0458-HEUZG,test
3345-PBBFH,test
7312-XSBAT,test
3739-YBWAB,test
8725-JEDFD,test
9385-EHGDO,test
3640-JQGJG,test
1682-VCOIO,test
0231-LXVAP,eval_frozen
7892-QVYKW,eval_frozen
7072-MBHEV,eval_frozen
5575-GNVDE,eval_frozen
9624-EGDEQ,eval_frozen
9761-XUJWD,eval_frozen
6823-SIDFQ,eval_frozen
7874-ECPQJ,eval_frozen
8277-RVRSV,eval_frozen
4280-DLSHD,eval_frozen
3621-CHYVB,eval_frozen
8980-WQFWL,eval_frozen
8262-COGGB,eval_frozen
2000-MPKCA,eval_frozen
2805-AUFQN,eval_frozen
6461-PPAXN,eval_frozen
0958-YHXGP,eval_frozen
7233-IOQNP,eval_frozen
7517-SAWMO,eval_frozen
7089-XXAYG,eval_frozen
1470-PSXNM,eval_frozen
6718-BDGHG,eval_frozen
4373-MAVJG,eval_frozen
8008-ESFLK,eval_frozen
2484-DGXPZ,eval_frozen
7666-WKRON,eval_frozen
2737-YNGYW,eval_frozen
7055-VKGDA,eval_frozen
6549-NNDYT,eval_frozen
1597-FZREH,eval_frozen
8821-XNHVZ,eval_frozen
4745-LSPLO,eval_frozen
7767-UXAGJ,eval_frozen
5829-NVSQN,eval_frozen
1271-UODNO,eval_frozen
4939-KYYPY,eval_frozen
2878-DHMIN,eval_frozen
9776-CLUJA,eval_frozen
6719-OXYBR,eval_frozen
4741-WWJQZ,eval_frozen
7432-FFVAR,eval_frozen
6357-JJPQT,eval_frozen
2903-YYTBW,eval_frozen
8245-UMPYT,eval_frozen
4822-RVYBB,eval_frozen
8327-WKMIE,eval_frozen
1699-TLDLZ,eval_frozen
0263-FJTQO,eval_frozen
6481-ESCNL,eval_frozen
6635-CPNUN,eval_frozen
3230-WYKIR,eval_frozen
1360-RCYRT,eval_frozen
9585-KKMFD,eval_frozen
7989-AWGEH,eval_frozen
0916-QOFDP,eval_frozen
6221-AVQYL,eval_frozen
7495-OOKFY,eval_frozen
9822-OAOVB,eval_frozen
5266-PFRQK,eval_frozen
8317-BVKSO,eval_frozen
6035-BXTTY,eval_frozen
3721-WKIIL,eval_frozen
6128-AQBMT,eval_frozen
5419-KLXBN,eval_frozen
1439-LCGVL,eval_frozen
4950-HKQTE,eval_frozen
2272-QAGFO,eval_frozen
9889-TMAHG,eval_frozen
1716-LSAMB,eval_frozen
4282-ACRXS,eval_frozen
3494-JCHRQ,eval_frozen
1173-XZPYF,eval_frozen
2014-MKGMH,eval_frozen
7851-FLGGQ,eval_frozen
9286-DOJGF,eval_frozen
8292-TYSPY,eval_frozen
2688-BHGOG,eval_frozen
1730-VFMWO,eval_frozen
7267-FRMJW,eval_frozen
8788-DOXSU,eval_frozen
2239-CGBUZ,eval_frozen
9114-AAFQH,eval_frozen
4223-WOZCM,eval_frozen
5150-ITWWB,eval_frozen
5019-GQVCR,eval_frozen
0927-CNGRH,eval_frozen
4803-AXVYP,eval_frozen
2338-BQEZT,eval_frozen
4283-FUTGF,eval_frozen
8922-NPKBJ,eval_frozen
2230-XTUWL,eval_frozen
4013-UBXWQ,eval_frozen
1942-OQFRW,eval_frozen
6198-RTPMF,eval_frozen
8896-RAZCR,eval_frozen
9817-APLHW,eval_frozen
4588-YBNIB,eval_frozen
1429-UYJSV,eval_frozen
2621-UDNLU,eval_frozen
4317-VTEOA,eval_frozen
2582-FFFZR,eval_frozen
9674-EHPPG,eval_frozen
4710-FDUIZ,eval_frozen
3451-VAWLI,eval_frozen
0601-WZHJF,eval_frozen
3097-IDVPU,eval_frozen
3347-YJZZE,eval_frozen
2446-BEGGB,eval_frozen
2740-TVLFN,eval_frozen
6174-NRBTZ,eval_frozen
6729-GDNGC,eval_frozen
0402-CQAJN,eval_frozen
5777-ZPQNC,eval_frozen
8623-ULFNQ,eval_frozen
8902-ZEOVF,eval_frozen
9560-BBZXK,eval_frozen
3058-WQDRE,eval_frozen
8215-NGSPE,eval_frozen
4706-AXVKM,eval_frozen
6108-OQZDQ,eval_frozen
5564-NEMQO,eval_frozen
4945-RVMTE,eval_frozen
3402-XRIUO,eval_frozen
1982-FEBTD,eval_frozen
5154-VEKBL,eval_frozen
4355-CVPVS,eval_frozen
0880-FVFWF,eval_frozen
3164-YAXFY,eval_frozen
8849-AYPTR,eval_frozen
4952-YSOGZ,eval_frozen
1029-QFBEN,eval_frozen
6807-SIWJI,eval_frozen
4486-EFAEB,eval_frozen
3411-WLRSQ,eval_frozen
6878-GGDWG,eval_frozen
6933-FHBZC,eval_frozen
2439-LYPMQ,eval_frozen
1216-JWVUX,eval_frozen
3097-FQTVJ,eval_frozen
0280-XJGEX,eval_frozen
6689-VRRTK,eval_frozen
2023-VQFDL,eval_frozen
8182-BJDSI,eval_frozen
8111-RKSPX,eval_frozen
0080-EMYVY,eval_frozen
1421-HCERK,eval_frozen
4062-HBMOS,eval_frozen
4369-NYSCF,eval_frozen
0221-NAUXK,eval_frozen
5204-HMGYF,eval_frozen
0611-DFXKO,eval_frozen
3085-QUOZK,eval_frozen
5044-LRQAQ,eval_frozen
1623-NLDOT,eval_frozen
4565-EVZMJ,eval_frozen
5294-IMHHT,eval_frozen
3506-LCJDC,eval_frozen
2096-XOTMO,eval_frozen
6439-GTPCA,eval_frozen
4631-OACRM,eval_frozen
0419-YAAPX,eval_frozen
8824-RWFXJ,eval_frozen
7968-QUXNS,eval_frozen
9970-QBCDA,eval_frozen
5419-JKZNQ,eval_frozen
6698-OXETB,eval_frozen
1934-SJVJK,eval_frozen
3801-HMYNL,eval_frozen
1915-IOFGU,eval_frozen
3050-GBUSH,eval_frozen
3126-WQMGH,eval_frozen
2720-WGKHP,eval_frozen
4824-GUCBY,eval_frozen
8203-XJZRC,eval_frozen
2545-EBUPK,eval_frozen
1925-TIBLE,eval_frozen
1478-VPOAD,eval_frozen
9746-MDMBK,eval_frozen
5696-JVVQY,eval_frozen
3587-PMCOY,eval_frozen
5906-DVAPM,eval_frozen
7601-DHFWZ,eval_frozen
5644-PDMZC,eval_frozen
6992-TKNYO,eval_frozen
7649-PHJVR,eval_frozen
3871-IKPYH,eval_frozen
8713-IGZSO,eval_frozen
4081-DYXAV,eval_frozen
3629-WEAAM,eval_frozen
5201-FRKKS,eval_frozen
0655-RBDUG,eval_frozen
9777-WJJPR,eval_frozen
3669-OYSJI,eval_frozen
2833-SLKDQ,eval_frozen
3365-SAIGS,eval_frozen
7294-TMAOP,eval_frozen
5827-MWCZK,eval_frozen
2955-PSXOE,eval_frozen
2100-BDNSN,eval_frozen
0876-WDUUZ,eval_frozen
6543-XRMYR,eval_frozen
1666-JXLKU,eval_frozen
3170-NMYVV,eval_frozen
2207-OBZNX,eval_frozen
1644-IRKSF,eval_frozen
2270-CHBFN,eval_frozen
7168-HDQHG,eval_frozen
8593-WHYHV,eval_frozen
2466-NEJOJ,eval_frozen
3266-FTKHB,eval_frozen
2320-JRSDE,eval_frozen
8937-RDTHP,eval_frozen
8016-NCFVO,eval_frozen
3748-FVMZZ,eval_frozen
6728-WYQBC,eval_frozen
1596-BBVTG,eval_frozen
6127-ISGTU,eval_frozen
2834-JKOOW,eval_frozen
3750-YHRYO,eval_frozen
6559-PDZLR,eval_frozen
7868-BGSZA,eval_frozen
5423-BHIXO,eval_frozen
2181-UAESM,eval_frozen
0388-EOPEX,eval_frozen
0111-KLBQG,eval_frozen
7416-CKTEP,eval_frozen
2474-LCNUE,eval_frozen
6817-WTYHE,eval_frozen
2951-QOQTK,eval_frozen
5442-XSDCW,eval_frozen
3948-FVVRP,eval_frozen
5404-GGUKR,eval_frozen
0936-NQLJU,eval_frozen
0696-UKTOX,eval_frozen
9103-TCIHJ,eval_frozen
6648-INWPS,eval_frozen
6689-KXGBO,eval_frozen
5382-TEMLV,eval_frozen
2642-MAWLJ,eval_frozen
0142-GVYSN,eval_frozen
0757-WCUUZ,eval_frozen
7538-GWHML,eval_frozen
9693-XMUOB,eval_frozen
1658-XUHBX,eval_frozen
3050-RLLXC,eval_frozen
6702-OHFWR,eval_frozen
7776-QGYJC,eval_frozen
6827-IEAUQ,eval_frozen
1740-CSDJP,eval_frozen
0074-HDKDG,eval_frozen
7284-ZZLOH,eval_frozen
5886-VLQVU,eval_frozen
2208-UGTGR,eval_frozen
0772-GYEQQ,eval_frozen
2737-WFVYW,eval_frozen
4902-OHLSK,eval_frozen
7100-FQPRV,eval_frozen
1624-NALOJ,eval_frozen
6202-DYYFX,eval_frozen
4163-HFTUK,eval_frozen
7244-QWYHG,eval_frozen
4226-KKDON,eval_frozen
2446-PLQVO,eval_frozen
6680-NENYN,eval_frozen
4482-FTFFX,eval_frozen
7435-ZNUYY,eval_frozen
5442-PPTJY,eval_frozen
8401-EMUWF,eval_frozen
3500-RMZLT,eval_frozen
4530-NDRKU,eval_frozen
2189-UXTKY,eval_frozen
5533-NHFRF,eval_frozen
7000-WCEVQ,eval_frozen
1853-ARAAQ,eval_frozen
1960-UOTYM,eval_frozen
8800-JOOCF,eval_frozen
1323-OOEPC,eval_frozen
6818-DJXAA,eval_frozen
1550-LOAHA,eval_frozen
9391-EOYLI,eval_frozen
0048-LUMLS,eval_frozen
9436-ZBZCT,eval_frozen
2672-TGEFF,eval_frozen
9233-PSYHO,eval_frozen
6776-TLWOI,eval_frozen
9334-GWGOW,eval_frozen
3703-TTEPD,eval_frozen
8714-EUHJO,eval_frozen
6345-ULYRW,eval_frozen
1734-ZMNTZ,eval_frozen
8992-JQYUN,eval_frozen
4703-MQYKT,eval_frozen
4450-YOOHP,eval_frozen
5296-BFCYD,eval_frozen
4320-QMLLA,eval_frozen
7963-SHNDT,eval_frozen
0325-XBFAC,eval_frozen
4090-KPJIP,eval_frozen
5868-YWPDW,eval_frozen
0151-ONTOV,eval_frozen
6725-TPKJO,eval_frozen
0657-DOGUM,eval_frozen
6296-DDOOR,eval_frozen
3082-VQXNH,eval_frozen
7881-INRLC,eval_frozen
7929-DMBCV,eval_frozen
7976-CICYS,eval_frozen
6711-FLDFB,eval_frozen
3011-WQKSZ,eval_frozen
7541-YLXCL,eval_frozen
3099-OONVS,eval_frozen
7607-QKKTJ,eval_frozen
8344-WFMFH,eval_frozen
4626-OZDTJ,eval_frozen
6202-JVYEU,eval_frozen
8148-WOCMK,eval_frozen
4475-NVTLU,eval_frozen
1618-CFHME,eval_frozen
8250-ZNGGW,eval_frozen
1732-FEKLD,eval_frozen
0504-HHAPI,eval_frozen
5797-APWZC,eval_frozen
0207-MDKNV,eval_frozen
8413-VONUO,eval_frozen
9391-LMANN,eval_frozen
1710-RCXUS,eval_frozen
4335-UPJSI,eval_frozen
6899-PPEEA,eval_frozen
2969-WGHQO,eval_frozen
9129-UXERG,eval_frozen
4682-BLBUC,eval_frozen
2272-UOINI,eval_frozen
9894-EZEWG,eval_frozen
2667-WYLWJ,eval_frozen
2133-TSRRM,eval_frozen
6349-JDHQP,eval_frozen
2927-QRRQV,eval_frozen
6814-ZPWFQ,eval_frozen
0365-BZUWY,eval_frozen
5650-VDUDS,eval_frozen
2192-OZITF,eval_frozen
6341-JVQGF,eval_frozen
3317-VLGQT,eval_frozen
6234-PFPXL,eval_frozen
6103-BOCOU,eval_frozen
4732-RRJZC,eval_frozen
2075-RMJIK,eval_frozen
4316-XCSLJ,eval_frozen
7153-CHRBV,eval_frozen
4418-LZMSV,eval_frozen
0559-CKHUS,eval_frozen
0871-OPBXW,eval_frozen
6131-IUNXN,eval_frozen
3001-CBHLQ,eval_frozen
9305-CDSKC,eval_frozen
3778-FOAQW,eval_frozen
7065-YUNRY,eval_frozen
8627-EHGIP,eval_frozen
1794-SWWKL,eval_frozen
0594-UFTUL,eval_frozen
9027-YFHQJ,eval_frozen
7527-QNRUS,eval_frozen
1345-GKDZZ,eval_frozen
4026-SKKHW,eval_frozen
1784-BXEFA,eval_frozen
0811-GSDTP,eval_frozen
7571-YXDAD,eval_frozen
4636-QRJKY,eval_frozen
8263-JQAIK,eval_frozen
4429-WYGFR,eval_frozen
6394-HHHZM,eval_frozen
3620-EHIMZ,eval_frozen
7449-HVPIV,eval_frozen
7302-ZHMHP,eval_frozen
0743-HNPFG,eval_frozen
0887-WBJVH,eval_frozen
3234-VKACU,eval_frozen
0820-FNRNX,eval_frozen
1100-DDVRV,eval_frozen
3530-VWVGU,eval_frozen
2983-ZANRP,eval_frozen
2982-VPSGI,eval_frozen
0115-TFERT,eval_frozen
9631-XEYKE,eval_frozen
5565-FILXA,eval_frozen
1666-JZPZT,eval_frozen
1481-ZUWZA,eval_frozen
4678-DVQEO,eval_frozen
7963-GQRMY,eval_frozen
2398-YPMUR,eval_frozen
7029-RPUAV,eval_frozen
7931-PXHFC,eval_frozen
1907-YLNYW,eval_frozen
5385-SUIRI,eval_frozen
6851-WEFYX,eval_frozen
6987-XQSJT,eval_frozen
0254-KCJGT,eval_frozen
2108-GLPQB,eval_frozen
8739-QOTTN,eval_frozen
9753-OYLBX,eval_frozen
1768-HNVGJ,eval_frozen
9174-IHETN,eval_frozen
8670-MEFCP,eval_frozen
9003-CPATH,eval_frozen
4135-FRWKJ,eval_frozen
6047-YHPVI,eval_frozen
5917-RYRMG,eval_frozen
5442-UTCVD,eval_frozen
2207-QPJED,eval_frozen
1195-OIYEJ,eval_frozen
2685-SREOM,eval_frozen
5766-ZJYBB,eval_frozen
8818-DOPVL,eval_frozen
1453-RZFON,eval_frozen
4548-SDBKE,eval_frozen
8819-ZBYNA,eval_frozen
3055-MJDSB,eval_frozen
5232-NXPAY,eval_frozen
5546-QUERU,eval_frozen
4701-MLJPN,eval_frozen
4815-GBTCD,eval_frozen
7359-PTSXY,eval_frozen
2479-BRAMR,eval_frozen
5889-LFOLL,eval_frozen
7816-VGHTO,eval_frozen
7181-BQYBV,eval_frozen
8859-DZTGQ,eval_frozen
5956-YHHRX,eval_frozen
6457-USBER,eval_frozen
3030-YZADT,eval_frozen
2867-UIMSS,eval_frozen
2718-GAXQD,eval_frozen
9227-UAQFT,eval_frozen
5006-MXVRN,eval_frozen
2958-NHPPS,eval_frozen
5245-VDBUR,eval_frozen
7663-CUXZB,eval_frozen
5815-HGGHV,eval_frozen
7703-ZEKEF,eval_frozen
0390-DCFDQ,eval_frozen
2347-WKKAE,eval_frozen
7244-KXYZN,eval_frozen
8650-RHRKE,eval_frozen
7771-CFQRQ,eval_frozen
6204-IEUXJ,eval_frozen
9069-LGEUL,eval_frozen
7740-KKCXF,eval_frozen
9375-MHRRS,eval_frozen
8885-QSQBX,eval_frozen
2999-AANRQ,eval_frozen
7839-QRKXN,eval_frozen
3059-NGMXB,eval_frozen
9013-AQORL,eval_frozen
6653-CBBOM,eval_frozen
9629-NHXFW,eval_frozen
7356-AYNJP,eval_frozen
7758-UJWYS,eval_frozen
2578-JQPHZ,eval_frozen
8543-MSDMF,eval_frozen
0827-ITJPH,eval_frozen
0058-EVZWM,eval_frozen
2188-SXWVT,eval_frozen
3195-TQDZX,eval_frozen
6143-JQKEA,eval_frozen
6728-CZFEI,eval_frozen
3948-XHGNA,eval_frozen
5274-XHAKY,eval_frozen
5018-LXQQG,eval_frozen
0513-RBGPE,eval_frozen
5076-YVXCM,eval_frozen
1600-DILPE,eval_frozen
8819-IMISP,eval_frozen
3422-GALYP,eval_frozen
7825-ECJRF,eval_frozen
2676-ISHSF,eval_frozen
2164-SOQXL,eval_frozen
8818-XYFCQ,eval_frozen
4307-KWMXE,eval_frozen
7105-MXJLL,eval_frozen
8735-DCXNF,eval_frozen
6179-GJPSO,eval_frozen
3669-LVWZB,eval_frozen
7633-MVPUY,eval_frozen
3920-HIHMQ,eval_frozen
5275-SQEIZ,eval_frozen
2333-KWEWW,eval_frozen
1732-VHUBQ,eval_frozen
8679-LZBMD,eval_frozen
7789-HKSBS,eval_frozen
3569-EDBPQ,eval_frozen
1834-WULEG,eval_frozen
2074-GUHPQ,eval_frozen
4013-GUXND,eval_frozen
7644-OMVMY,eval_frozen
3688-FTHLT,eval_frozen
2249-YPRNG,eval_frozen
7951-VRDVK,eval_frozen
9919-KNPOO,eval_frozen
6195-MELTI,eval_frozen
6599-GZWCM,eval_frozen
2916-BQZLN,eval_frozen
2408-PSJVE,eval_frozen
2690-DVRVK,eval_frozen
6633-SYEUS,eval_frozen
1356-MKYSK,eval_frozen
3160-TYXLT,eval_frozen
5177-RVZNU,eval_frozen
1867-TJHTS,eval_frozen
1028-FFNJK,eval_frozen
7156-MXBJE,eval_frozen
8922-LIEGH,eval_frozen
5447-VYTKW,eval_frozen
1376-HHBDV,eval_frozen
6100-QQHEB,eval_frozen
6968-MHOMU,eval_frozen
2925-MXLSX,eval_frozen
6972-SNKKW,eval_frozen
1066-JKSGK,eval_frozen
3791-LGQCY,eval_frozen
2740-JFBOK,eval_frozen
5981-ZVXOT,eval_frozen
6243-OZGFH,eval_frozen
9026-RNUJS,eval_frozen
1536-YHDOE,eval_frozen
5348-CAGXB,eval_frozen
4534-WGCIR,eval_frozen
3583-EKAPL,eval_frozen
5063-IUOKK,eval_frozen
6338-AVWCY,eval_frozen
0541-FITGH,eval_frozen
2589-AYCRP,eval_frozen
0374-IOEGQ,eval_frozen
1539-LNKHM,eval_frozen
8898-KASCD,eval_frozen
1015-JPFYW,eval_frozen
3097-NQYSN,eval_frozen
1904-WAJAA,eval_frozen
5524-KHNJP,eval_frozen
9846-GKXAS,eval_frozen
5515-RUGKN,eval_frozen
7078-NVFAM,eval_frozen
7021-XSNYE,eval_frozen
1465-VINDH,eval_frozen
2775-SEFEE,eval_frozen
8930-XOTDP,eval_frozen
9867-JCZSP,eval_frozen
8701-DGLVH,eval_frozen
2344-JMOGN,eval_frozen
4614-NUVZD,eval_frozen
8073-IJDCM,eval_frozen
5568-DMXZS,eval_frozen
7594-LZNWR,eval_frozen
0259-GBZSH,eval_frozen
0093-EXYQL,eval_frozen
3211-ILJTT,eval_frozen
0222-CNVPT,eval_frozen
7734-DBOAI,eval_frozen
5485-WUYWF,eval_frozen
6029-CSMJE,eval_frozen
1474-JUWSM,eval_frozen
7009-PCARS,eval_frozen
9332-GYWLO,eval_frozen
3006-XIMLN,eval_frozen
1767-TGTKO,eval_frozen
1685-BQULA,eval_frozen
0298-XACET,eval_frozen
7049-GKVZY,eval_frozen
1746-TGTWV,eval_frozen
8624-GIOUT,eval_frozen
6574-MCOEH,eval_frozen
8822-KNBHV,eval_frozen
6680-WKXRZ,eval_frozen
6429-SHBCB,eval_frozen
6284-KMNUF,eval_frozen
6833-JMZYP,eval_frozen
3372-CDXFJ,eval_frozen
3580-REOAC,eval_frozen
1089-HDMKP,eval_frozen
4160-AMJTL,eval_frozen
6121-VZNQB,eval_frozen
5688-KZTSN,eval_frozen
9677-AVKED,eval_frozen
2485-ITVKB,eval_frozen
5168-MSWXT,eval_frozen
5025-GOOKI,eval_frozen
3653-NCRDJ,eval_frozen
6861-OKBCE,eval_frozen
2696-ECXKC,eval_frozen
3523-BRGUW,eval_frozen
4835-YSJMR,eval_frozen
1073-XXCZD,eval_frozen
0056-EPFBG,eval_frozen
7776-QWNFX,eval_frozen
4918-QLLIW,eval_frozen
4759-TRPLW,eval_frozen
7919-ZODZZ,eval_frozen
0689-DSXGL,eval_frozen
0487-CRLZF,eval_frozen
8033-ATFAS,eval_frozen
9874-QLCLH,eval_frozen
4958-XCBDQ,eval_frozen
5656-MJEFC,eval_frozen
0375-HVGXO,eval_frozen
6563-VRERX,eval_frozen
8292-ITGYJ,eval_frozen
3078-ZKNTS,eval_frozen
2577-GVSIL,eval_frozen
7746-AWNQW,eval_frozen
6156-UZDLF,eval_frozen
8075-GXIUB,eval_frozen
8201-AAXCB,eval_frozen
8180-AKMJV,eval_frozen
8111-SLLHI,eval_frozen
1488-SYSFC,eval_frozen
8000-REIQB,eval_frozen
7707-PYBBH,eval_frozen
0410-IPFTY,eval_frozen
0895-DQHEW,eval_frozen
5233-GEEAX,eval_frozen
4546-FOKWR,eval_frozen
9734-YWGEX,eval_frozen
7586-ZATGZ,eval_frozen
1862-SKORY,eval_frozen
4846-WHAFZ,eval_frozen
0311-UNPFF,eval_frozen
9780-FKVVF,eval_frozen
6583-KQJLK,eval_frozen
4398-HSCJH,eval_frozen
3063-QFSZL,eval_frozen
0023-HGHWL,eval_frozen
5159-YFPKQ,eval_frozen
4816-LXZYW,eval_frozen
1125-SNVCK,eval_frozen
7321-VGNKU,eval_frozen
7760-OYPDY,eval_frozen
6365-MTGZX,eval_frozen
3088-LHEFH,eval_frozen
1984-GPTEH,eval_frozen
3566-VVORZ,eval_frozen
1333-PBMXB,eval_frozen
8708-XPXHZ,eval_frozen
0810-DHDBD,eval_frozen
4114-QMKVN,eval_frozen
3097-PYWXL,eval_frozen
3572-UOLYZ,eval_frozen
1389-CXMLU,eval_frozen
5176-LDKUH,eval_frozen
8807-ARQET,eval_frozen
5697-GOMBF,eval_frozen
1371-OJCEK,eval_frozen
9979-RGMZT,eval_frozen
2402-TAIRZ,eval_frozen
8496-EJAUI,eval_frozen
0013-MHZWF,eval_frozen
7945-PRBVF,eval_frozen
6874-SGLHU,eval_frozen
4514-GFCFI,eval_frozen
5882-CMAZQ,eval_frozen
6927-WTFIV,eval_frozen
5774-QPLTF,eval_frozen
6906-MPARY,eval_frozen
9281-OFDMF,eval_frozen
6198-ZFIOJ,eval_frozen
7047-YXDMZ,eval_frozen
4522-XRWWI,eval_frozen
0188-GWFLE,eval_frozen
9371-BITHB,eval_frozen
6383-ZTSIW,eval_frozen
2480-EJWYP,eval_frozen
8364-TRMMK,eval_frozen
3541-ZNUHK,eval_frozen
6619-RPLQZ,eval_frozen
8221-EQDGL,eval_frozen
8268-YDIXR,eval_frozen
5729-KLZAR,eval_frozen
5150-LJNSR,eval_frozen
6898-MDLZW,eval_frozen
0104-PPXDV,eval_frozen
9766-HGEDE,eval_frozen
4430-YHXGG,eval_frozen
3473-XIIIT,eval_frozen
7721-DVEKZ,eval_frozen
9730-DRTMJ,eval_frozen
8630-QSGXK,eval_frozen
1768-ZAIFU,eval_frozen
1963-SVUCV,eval_frozen
9124-LHCJQ,eval_frozen
9318-NKNFC,eval_frozen
3976-BWUCK,eval_frozen
2480-SQIOB,eval_frozen
9057-SIHCH,eval_frozen
1744-JHKYS,eval_frozen
9839-ETQOE,eval_frozen
7191-ADRGF,eval_frozen
9330-DHBFL,eval_frozen
6388-TABGU,excluded
3655-SNQYZ,excluded
9959-WOFKT,excluded
5248-YGIJN,excluded
3841-NFECX,excluded
6234-RAAPL,excluded
9489-DEDVP,excluded
4671-VJLCL,excluded
2954-PIBKO,excluded
4667-QONEA,excluded
8769-KKTPH,excluded
5067-XJQFU,excluded
5954-BDFSG,excluded
1215-FIGMP,excluded
0526-SXDJP,excluded
1891-QRQSA,excluded
8028-PNXHQ,excluded
7233-PAHHL,excluded
6067-NGCEU,excluded
9848-JQJTX,excluded
9803-FTJCG,excluded
5386-THSLQ,excluded
3192-NQECA,excluded
6728-DKUCO,excluded
2848-YXSMW,excluded
5256-SKJGO,excluded
6734-PSBAW,excluded
2639-UGMAZ,excluded
8587-XYZSF,excluded
3774-VBNXY,excluded
3146-MSEGF,excluded
1095-WGNGG,excluded
2636-SJDOU,excluded
1131-QQZEB,excluded
5716-EZXZN,excluded
1679-JRFBR,excluded
9073-ZZIAY,excluded
6345-FZOQH,excluded
5997-OPVFA,excluded
3712-PKXZA,excluded
2984-RGEYA,excluded
9680-NIAUV,excluded
7255-SSFBC,excluded
3363-DTIVD,excluded
6348-SNFUS,excluded
1347-KTTTA,excluded
7157-SMCFK,excluded
9286-BHDQG,excluded
0230-WEQUW,excluded
2040-LDIWQ,excluded
4443-EMBNA,excluded
7083-MIOPC,excluded
7301-ABVAD,excluded
6614-FHDBO,excluded
9058-HRZSV,excluded
4111-BNXIF,excluded
7017-VFHAY,excluded
0123-CRBRT,excluded
7014-ZZXAW,excluded
9577-WJVCQ,excluded
6556-DBKZF,excluded
8181-YHCMF,excluded
3973-SKMLN,excluded
9880-TDQAC,excluded
8626-PTQGE,excluded
4322-RCYMT,excluded
2088-IEBAU,excluded
1343-EHPYB,excluded
6885-PKOAM,excluded
7520-HQWJU,excluded
9639-BUJXT,excluded
8966-SNIZF,excluded
4654-DLAMQ,excluded
8984-EYLLL,excluded
9571-EDEBV,excluded
3520-FJGCV,excluded
2863-IMQDR,excluded
8204-YJCLA,excluded
2977-CEBSX,excluded
0979-PHULV,excluded
3067-SVMTC,excluded
7606-BPHHN,excluded
4742-DRORA,excluded
4686-GEFRM,excluded
6152-ONASV,excluded
9063-ZGTUY,excluded
7781-HVGMK,excluded
4376-KFVRS,excluded
7752-XUSCI,excluded
1090-ESELR,excluded
8592-PLTMQ,excluded
8847-GEOOQ,excluded
4785-FCIFB,excluded
1480-BKXGA,excluded
2996-XAUVF,excluded
9076-AXYIK,excluded
5968-XQIVE,excluded
5168-MQQCA,excluded
7971-HLVXI,excluded
3649-JPUGY,excluded
3552-CTCYF,excluded
5756-OZRIO,excluded
0505-SPOOW,excluded
4513-CXYIX,excluded
3957-HHLMR,excluded
5736-YEJAX,excluded
8535-SFUTN,excluded
5174-ITUMV,excluded
8606-CIQUL,excluded
1403-GYAFU,excluded
1297-VQDRP,excluded
0621-HJWXJ,excluded
8905-IAZPF,excluded
5394-MEITZ,excluded
6859-QNXIQ,excluded
2560-PPCHE,excluded
3580-HYCSP,excluded
1352-HNSAW,excluded
5846-NEQVZ,excluded
5781-RFZRP,excluded
7293-LSCDV,excluded
9548-LIGTA,excluded
0742-LAFQK,excluded
0795-LAFGP,excluded
0619-OLYUR,excluded
0459-SPZHJ,excluded
0374-FIUCA,excluded
1096-ADRUX,excluded
4723-BEGSG,excluded
8207-DMRVL,excluded
3419-SNJJD,excluded
2804-ETQDK,excluded
7134-MJPDY,excluded
0516-UXRMT,excluded
6797-UCJHZ,excluded
2469-DTSGX,excluded
1775-KWJKQ,excluded
7207-RMRDB,excluded
2077-DDHJK,excluded
9574-BOSMD,excluded
8100-PNJMH,excluded
9565-FLVCG,excluded
0214-JHPFW,excluded
3729-OWRVL,excluded
7501-IWUNG,excluded
0078-XZMHT,excluded
8338-QIUNR,excluded
1525-LNLOJ,excluded
7596-ZYWBB,excluded
4312-KFRXN,excluded
0114-IGABW,excluded
6952-OMNWB,excluded
8434-VGEQQ,excluded
2753-JMMCV,excluded
7564-GHCVB,excluded
2521-NPUZR,excluded
7503-MIOGA,excluded
4018-PPNDW,excluded
2499-AJYUA,excluded
6919-ELBGL,excluded
8405-IGQFX,excluded
9477-LGWQI,excluded
5730-DBDSI,excluded
5684-FJVYR,excluded
1266-NZYUI,excluded
7969-FFOWG,excluded
8823-RLPWL,excluded
5676-CFLYY,excluded
5125-CNDSP,excluded
4992-LTJNE,excluded
0229-LFJAF,excluded
7131-ZQZNK,excluded
3442-ZHHCC,excluded
3009-JWMPU,excluded
5671-RQRLP,excluded
9926-PJHDQ,excluded
2798-NYLMZ,excluded
4853-RULSV,excluded
4178-EGMON,excluded
4220-TINQT,excluded
4335-BSMJS,excluded
3104-OWCGK,excluded
3487-EARAT,excluded
4250-WAROZ,excluded
8184-WMOFI,excluded
0392-BZIUW,excluded
6916-HIJSE,excluded
9778-OGKQZ,excluded
7408-OFWXJ,excluded
6007-TCTST,excluded
7695-PKLCZ,excluded
2382-BCKQJ,excluded
8374-UULRV,excluded
3224-DFQNQ,excluded
5275-PMFUT,excluded
9777-IQHWP,excluded
0979-MOZQI,excluded
1937-OTUKY,excluded
1764-VUUMT,excluded
5073-WXOYN,excluded
7945-HLKEA,excluded
3199-NPKCN,excluded
7549-MYGPK,excluded
7997-EASSD,excluded
8975-SKGRX,excluded
0379-DJQHR,excluded
0835-JKADZ,excluded
3865-YIOTT,excluded
6024-RUGGH,excluded
4079-WWQQQ,excluded
7471-WNSUF,excluded
9199-PWQVC,excluded
0862-PRCBS,excluded
5787-KXGIY,excluded
2692-AQCPF,excluded
6115-ZTBFQ,excluded
3261-CQXOL,excluded
3429-IFLEM,excluded
2834-JRTUA,excluded
6646-QVXLR,excluded
8165-ZJRNM,excluded
2545-LXYVJ,excluded
6614-YOLAC,excluded
7649-SIJJF,excluded
9361-YNQWJ,excluded
7868-TMWMZ,excluded
2632-TACXW,excluded
8146-QQKZH,excluded
1767-CJKBA,excluded
6445-TNRXS,excluded
4829-ZLJTK,excluded
8590-YFFQO,excluded
8659-IOOPU,excluded
9742-XOKTS,excluded
4159-NAAIX,excluded
0971-QIFJK,excluded
9397-TZSHA,excluded
0343-QLUZP,excluded
2176-LVPNX,excluded
1459-QNFQT,excluded
1779-PWPMG,excluded
6621-NRZAK,excluded
0831-JNISG,excluded
6870-ZWMNX,excluded
5268-DSMNQ,excluded
5334-JLAXU,excluded
9359-UGBTK,excluded
4782-OSFXZ,excluded
1282-IHQAC,excluded
9127-FHJBZ,excluded
6270-OMFIW,excluded
8089-UZWLX,excluded
0455-ENTCR,excluded
9087-EYCPR,excluded
6980-IMXXE,excluded
0784-GTUUK,excluded
2294-DMMUS,excluded
9091-WTUUY,excluded
7115-IRDHS,excluded
9068-VPWQQ,excluded
1299-AURJA,excluded
1543-LLLFT,excluded
2226-ICFDO,excluded
6818-WOBHJ,excluded
6244-BESBM,excluded
2612-PHGOX,excluded
8480-PPONV,excluded
8780-IHCRN,excluded
7182-OVLBJ,excluded
7005-CYUIL,excluded
4821-WQOYN,excluded
2388-LAESQ,excluded
4389-UEFCZ,excluded
2616-FLVQC,excluded
9968-FFVVH,excluded
3108-PCCGG,excluded
8390-FESFV,excluded
3022-BEXHZ,excluded
6248-TKCQV,excluded
1291-CUOCY,excluded
9795-SHUHB,excluded
0042-RLHYP,excluded
0201-OAMXR,excluded
3161-ONRWK,excluded
4565-NLZBV,excluded
3910-MRQOY,excluded
4656-CAURT,excluded
3838-OZURD,excluded
7690-KPNCU,excluded
4102-HLENU,excluded
7722-VJRQD,excluded
7073-QETQY,excluded
3084-DOWLE,excluded
4238-HFHSN,excluded
3071-MVJCD,excluded
0562-KBDVM,excluded
1131-SUEKT,excluded
8060-HIWJJ,excluded
7684-XSZIY,excluded
8039-ACLPL,excluded
2272-JKMSI,excluded
9518-RWHZL,excluded
9337-SRRNI,excluded
5678-VFNEQ,excluded
1830-GGFNM,excluded
5223-UZAVK,excluded
9350-VLHMB,excluded
3498-LZGQZ,excluded
8785-CJSHH,excluded
3870-SPZSI,excluded
8752-GHJFU,excluded
9052-VKDUW,excluded
3070-BDOQC,excluded
9480-BQJEI,excluded
6048-UWKAL,excluded
5469-CTCWN,excluded
9242-TKFSV,excluded
2277-BKJKN,excluded
8016-ZMGMO,excluded
1728-CXQBE,excluded
8819-WFGGJ,excluded
7898-PDWQE,excluded
9972-EWRJS,excluded
5799-JRCZO,excluded
1656-DRSMG,excluded
0640-YJTPY,excluded
7876-DNYAP,excluded
2882-WDTBA,excluded
2091-GPPIQ,excluded
2796-UUZZO,excluded
2429-AYKKO,excluded
5193-QLVZB,excluded
7114-AEOZE,excluded
2886-KEFUM,excluded
4751-ERMAN,excluded
2003-CKLOR,excluded
0993-OSGPT,excluded
9906-NHHVC,excluded
3766-EJLFL,excluded
7643-RCHXS,excluded
6485-QXWWE,excluded
5816-JMLGY,excluded
6265-SXWBU,excluded
7941-RCJOW,excluded
6374-NTQLP,excluded
1971-DTCZB,excluded
3092-IGHWF,excluded
3813-DHBBB,excluded
5930-GBIWP,excluded
3533-UVMOM,excluded
9995-HOTOH,excluded
4999-IEZLT,excluded
8883-ANODQ,excluded
5980-BDHPY,excluded
7426-WEIJX,excluded
3500-NSDOA,excluded
3761-FLYZI,excluded
1442-OKRJE,excluded
4737-AQCPU,excluded
1060-ENTOF,excluded
4836-WNFNO,excluded
9225-BZLNZ,excluded
5740-YHGTW,excluded
8917-SZTTJ,excluded
7359-WWYJV,excluded
3795-GWTRD,excluded
1298-PHBTI,excluded
6097-EQISJ,excluded
0727-BNRLG,excluded
9964-WBQDJ,excluded
8932-CZHRQ,excluded
0404-AHASP,excluded
8226-BXGES,excluded
9705-IOVQQ,excluded
2040-XBAVJ,excluded
8646-JCOMS,excluded
3768-VHXQO,excluded
3963-RYFNS,excluded
2057-BOYKM,excluded
3658-QQJYD,excluded
5848-FHRFC,excluded
3902-MIVLE,excluded
3669-WHAFY,excluded
3055-VTCGS,excluded
3144-KMTWZ,excluded
2007-QVGAW,excluded
2307-FYNNL,excluded
5605-XNWEN,excluded
6181-AXXYF,excluded
2519-LBNQL,excluded
1568-LJSZU,excluded
4193-IBKSW,excluded
5377-NDTOU,excluded
7860-KSUGX,excluded
5149-QYTTU,excluded
1927-QEWMY,excluded
5663-QBGIS,excluded
4450-MDZFX,excluded
6701-DHKWQ,excluded
0794-YVSGE,excluded
6908-VVYHM,excluded
6990-YNRIO,excluded
3173-WSSUE,excluded
4115-UMJFQ,excluded
9359-JANWS,excluded
3279-DYZQM,excluded
7940-UQQUG,excluded
7010-BRBUU,excluded
0973-KYVNF,excluded
9637-CDTKZ,excluded
7873-CVMAW,excluded
6695-FRVEC,excluded
3638-VBZTA,excluded
1951-IEYXM,excluded
8232-UTFOZ,excluded
5668-MEISB,excluded
7188-CBBBA,excluded
3219-JQRSL,excluded
6732-VAILE,excluded
4890-VMUAV,excluded
8229-BUJHX,excluded
5504-WSIUR,excluded
8466-PZBLH,excluded
9614-RMGHA,excluded
0019-EFAEP,excluded
2430-RRYUW,excluded
0565-IYCGT,excluded
5110-CHOPY,excluded
9675-ICXCT,excluded
7710-JSYOA,excluded
9993-LHIEB,excluded
0266-CLZKZ,excluded
7639-OPLNG,excluded
7694-VLBWQ,excluded
0181-RITDD,excluded
1488-PBLJN,excluded
0308-GIQJT,excluded
6481-OGDOO,excluded
7398-HPYZQ,excluded
7519-JTWQH,excluded
1170-SASML,excluded
4872-JCVCA,excluded
5346-BZCHP,excluded
0744-BIKKF,excluded
5248-KWLAR,excluded
7996-MHXLW,excluded
1852-QSWCD,excluded
4832-VRBMR,excluded
3392-EHMNK,excluded
5804-HYIEZ,excluded
9919-FZDED,excluded
2251-PYLPB,excluded
6227-FBDXH,excluded
8984-HPEMB,excluded
4139-DETXS,excluded
8311-UEUAB,excluded
8894-JVDCV,excluded
2560-WBWXF,excluded
7101-HRBLJ,excluded
5453-YBTWV,excluded
6418-PIQSP,excluded
2626-VEEWG,excluded
2878-RMWXY,excluded
7375-WMVMT,excluded
8879-XUAHX,excluded
4195-PNGZS,excluded
5003-XZWWO,excluded
8548-AWOFC,excluded
4815-YOSUK,excluded
2659-VXMWZ,excluded
7036-TYDEC,excluded
4312-GVYNH,excluded
8495-LJDFO,excluded
0839-JTCUD,excluded
5494-WOZRZ,excluded
2234-EOFPT,excluded
8619-IJNDK,excluded
3597-YASZG,excluded
8069-RHUXK,excluded
3398-GCPMU,excluded
1013-QCWAM,excluded
6050-FFXES,excluded
1813-JLKWR,excluded
0336-PIKEI,excluded
7322-OCWHC,excluded
2054-PJOCK,excluded
7176-WRTNX,excluded
9239-GZHZE,excluded
3571-RFHAR,excluded
5334-AFQJB,excluded
1587-FKLZB,excluded
5440-FLBQG,excluded
4056-QHXHZ,excluded
9339-FIIJL,excluded
6670-MFRPK,excluded
7579-KKLOE,excluded
8402-EIVQS,excluded
3324-OIRTO,excluded
4967-WPNCF,excluded
8197-BFWVU,excluded
6463-HHXJR,excluded
1187-WILMM,excluded
9776-OJUZI,excluded
2266-SJNAT,excluded
4277-BWBML,excluded
4304-TSPVK,excluded
0020-INWCK,excluded
2683-JXWQQ,excluded
9548-ZMVTX,excluded
5067-WJEUN,excluded
9251-WNSOD,excluded
7064-JHXCE,excluded
6650-BWFRT,excluded
9570-KYEUA,excluded
6993-YGFJV,excluded
0730-BGQGF,excluded
5498-IBWPI,excluded
0013-SMEOE,excluded
3413-DHLPB,excluded
6161-ERDGD,excluded
8231-BSWXX,excluded
0310-SUCIN,excluded
6901-GOGZG,excluded
3893-JRNFS,excluded
9802-CAQUT,excluded
7602-MVRMB,excluded
5406-KGRMX,excluded
7706-YLMQA,excluded
7717-BICXI,excluded
2143-LJULT,excluded
3200-MNQTF,excluded
9135-MGVPY,excluded
6614-YWYSC,excluded
1032-MAELW,excluded
6585-WCEWR,excluded
9067-YGSCA,excluded
8735-SDUFN,excluded
9668-PUGNU,excluded
9405-GPBBG,excluded
1926-QUZNN,excluded
8869-LIHMK,excluded
0784-ZQJZX,excluded
3133-PZNSR,excluded
3612-YVGSJ,excluded
5397-NSKQG,excluded
8565-HBFNN,excluded
2000-DHJUY,excluded
8670-ERCJH,excluded
2050-ONYDQ,excluded
7055-JCGNI,excluded
0739-UUAJR,excluded
0654-PQKDW,excluded
8263-QMNTJ,excluded
3230-JCNZS,excluded
0277-ORXQS,excluded
3227-WLKLI,excluded
0407-BDJKB,excluded
8237-ULIXL,excluded
9153-BTBVV,excluded
0962-CQPWQ,excluded
3096-YXENJ,excluded
1265-BCFEO,excluded
5945-AZYHT,excluded
6384-VMJHP,excluded
7730-CLDSV,excluded
1135-HIORI,excluded
0164-APGRB,excluded
4446-BZKHU,excluded
3351-NQLDI,excluded
9297-EONCV,excluded
8766-PAFNE,excluded
4611-ANLQC,excluded
0014-BMAQU,excluded
4837-QUSFT,excluded
9953-ZMKSM,excluded
0907-HQNTS,excluded
3027-YNWZU,excluded
9481-WHGWY,excluded
3166-PNEOF,excluded
8780-YRMTT,excluded
6242-SGYTS,excluded
8414-OOEEL,excluded
8454-AATJP,excluded
4191-XOVOM,excluded
6997-UVGOX,excluded
5440-VHLUL,excluded
5781-BKHOP,excluded
8628-MFKAX,excluded
3976-HXHCE,excluded
5472-CVMDX,excluded
6461-SZMCV,excluded
1697-LYYYX,excluded
4231-LZUYM,excluded
0244-LGNFY,excluded
7274-CGTOD,excluded
4636-TVXVG,excluded
1110-KYLGQ,excluded
0924-BJCRC,excluded
5074-FBGHB,excluded
4455-BFSPD,excluded
3948-KXDUF,excluded
2323-ARSVR,excluded
0197-PNKNK,excluded
2250-IVBWA,excluded
1229-RCALF,excluded
3470-OBUET,excluded
9838-BFCQT,excluded
2790-XUYMV,excluded
1017-FBQMM,excluded
9372-TXXPS,excluded
8433-WPJTV,excluded
3763-GCZHZ,excluded
6484-LATFU,excluded
7599-NTMDP,excluded
0536-ACXIP,excluded
8857-CUPFQ,excluded
1699-UOTXU,excluded
5993-JSUWV,excluded
5387-ASZNZ,excluded
2277-DJJDL,excluded
1897-OKVMW,excluded
5485-ITNPC,excluded
0233-FTHAV,excluded
6963-EZQEE,excluded
2452-KDRRH,excluded
3617-XLSGQ,excluded
8347-GDTMP,excluded
0310-MVLET,excluded
4550-VBOFE,excluded
7225-IILWY,excluded
5248-RPYWW,excluded
7923-IYJWY,excluded
3170-GWYKC,excluded
6164-HAQTX,excluded
7765-LWVVH,excluded
0301-FIDRB,excluded
2181-TIDSV,excluded
9453-PATOS,excluded
0106-UGRDO,excluded
1930-QPBVZ,excluded
5220-AGAAX,excluded
9435-JMLSX,excluded
5312-IRCFR,excluded
6176-YJWAS,excluded
1163-VIPRI,excluded
9443-JUBUO,excluded
0596-BQCEQ,excluded
5598-IKHQQ,excluded
0397-ZXWQF,excluded
4674-HGNUA,excluded
6295-OSINB,excluded
8046-DNVTL,excluded
1891-FZYSA,excluded
4176-RELJR,excluded
0238-WHBIQ,excluded
6651-RLGGM,excluded
5795-KTGUD,excluded
4702-HDRKD,excluded
5897-ZYEKH,excluded
5456-ITGIC,excluded
7317-GGVPB,excluded
8715-KKTFG,excluded
5117-ZSMHQ,excluded
0960-HUWBM,excluded
6465-GSRCL,excluded
7503-EPSZW,excluded
9500-IWPXQ,excluded
5569-IDSEY,excluded
1599-EAHXY,excluded
5680-LQOGP,excluded
3911-RSNHI,excluded
5038-ETMLM,excluded
8809-RIHDD,excluded
8809-XKHMD,excluded
9844-FELAJ,excluded
3148-AOIQT,excluded
8395-ETZKQ,excluded
3889-VWBID,excluded
7080-TNUWP,excluded
8336-TAVKX,excluded
3181-VTHOE,excluded
2253-KPMNB,excluded
5148-ORICT,excluded
1814-WFGVS,excluded
1265-ZFOSD,excluded
5197-LQXXH,excluded
3745-HRPHI,excluded
3696-DFHHB,excluded
5879-HMFFH,excluded
3810-DVDQQ,excluded
9055-MOJJJ,excluded
6869-FGJJC,excluded
8205-VSLRB,excluded
8043-PNYSD,excluded
4825-XJGDM,excluded
6734-JDTTV,excluded
8853-TZDGH,excluded
4827-LTQRJ,excluded
7711-YIJWC,excluded
2378-YIZKA,excluded
0464-WJTKO,excluded
2662-NNTDK,excluded
4293-ETKAP,excluded
0330-BGYZE,excluded
1085-LDWAM,excluded
7197-VOJMM,excluded
4900-MSOMT,excluded
4282-MSACW,excluded
0136-IFMYD,excluded
9659-ZTWSM,excluded
6685-GBWJZ,excluded
3913-RDSJZ,excluded
9494-BDNNC,excluded
8690-ZVLCL,excluded
1335-HQMKX,excluded
2172-EJXVF,excluded
8871-JLMHM,excluded
8659-HDIYE,excluded
3642-BYHDO,excluded
2696-RZVZW,excluded
5766-FTRTS,excluded
6285-FTQBF,excluded
8498-XXGWA,excluded
4683-WYDOU,excluded
6794-HKIAJ,excluded
1642-HMARX,excluded
3096-WPXBT,excluded
0744-GKNGE,excluded
1167-OYZJF,excluded
4806-DXQCE,excluded
1625-JAIIY,excluded
1063-DHQJF,excluded
6719-FGEDO,excluded
1837-YQUCE,excluded
8174-TBVCF,excluded
1698-XFZCI,excluded
0917-EZOLA,excluded
3508-VLHCZ,excluded
0100-DUVFC,excluded
5397-TUPSH,excluded
0326-VDYXE,excluded
0436-TWFFZ,excluded
9430-NKQLY,excluded
3982-DQLUS,excluded
3756-VNWDH,excluded
6060-QBMGV,excluded
9821-BESNZ,excluded
3678-MNGZX,excluded
2368-GAKKQ,excluded
6993-YCOBK,excluded
0748-RDGGM,excluded
0378-CJKPV,excluded
3612-YUNGG,excluded
9028-LIHRP,excluded
1053-MXTTK,excluded
0853-TWRVK,excluded
8200-LGKSR,excluded
1568-BEKZM,excluded
0670-ANMUU,excluded
6897-RWMUB,excluded
6999-CHVCF,excluded
6134-KWTBV,excluded
7820-ZYGNY,excluded
2560-QTSBS,excluded
7860-UXCRM,excluded
2623-DRYAM,excluded
4488-KQFDT,excluded
8039-EQPIM,excluded
8707-RMEZH,excluded
6479-VDGRK,excluded
3569-JFODW,excluded
9544-PYPSJ,excluded
1591-XWLGB,excluded
3258-SYSWS,excluded
5296-PSYVW,excluded
0512-FLFDW,excluded
0174-QRVVY,excluded
5699-BNCAS,excluded
2900-PHPLN,excluded
0795-GMVQO,excluded
1545-JFUML,excluded
7688-AWMDX,excluded
1150-WFARN,excluded
4227-OJHAL,excluded
9220-CXRSC,excluded
9537-JALFH,excluded
7306-YDSOI,excluded
5201-CBWYG,excluded
6352-GIGGQ,excluded
3635-QQRQD,excluded
7134-HBPBS,excluded
2984-TBYKU,excluded
2522-AHJXR,excluded
9385-NXKDA,excluded
9351-HXDMR,excluded
8631-NBHFZ,excluded
1469-LBJQJ,excluded
7973-DZRKH,excluded
2533-QVMSK,excluded
6837-HAEVO,excluded
6701-YVNQG,excluded
9481-IEBZY,excluded
9065-ZCPQX,excluded
8747-UDCOI,excluded
6872-HXFNF,excluded
1080-BWSYE,excluded
6710-HSJRD,excluded
5854-KSRBJ,excluded
1099-BTKWT,excluded
2223-GDSHL,excluded
2176-OSJUV,excluded
3786-WOVKF,excluded
3886-CERTZ,excluded
5989-AXPUC,excluded
8015-IHCGW,excluded
2773-OVBPK,excluded
8261-GWDBQ,excluded
3882-IYOIJ,excluded
8749-TZYEC,excluded
6339-TBELP,excluded
6173-GOLSU,excluded
8849-PRIQJ,excluded
8285-ABVLB,excluded
5915-ANOEI,excluded
9861-PDSZP,excluded
2019-HDCZY,excluded
3274-NSDWE,excluded
2632-IVXVF,excluded
8915-NNTRC,excluded
7463-IFMQU,excluded
4778-IZARL,excluded
7008-LZVOZ,excluded
9365-CSLBQ,excluded
5884-FBCTL,excluded
6242-FEGFD,excluded
2987-BJXIK,excluded
9769-TSBZE,excluded
6023-GSSXW,excluded
9823-EALYC,excluded
5803-NQJZO,excluded
2607-DHDAK,excluded
4006-HKYHO,excluded
4334-HOWRP,excluded
0266-GMEAO,excluded
5574-NXZIU,excluded
8309-PPCED,excluded
4098-NAUKP,excluded
5196-WPYOW,excluded
2525-GVKQU,excluded
2126-GSEGL,excluded
2434-EEVDB,excluded
8152-VETUR,excluded
7980-MHFLQ,excluded
9140-CZQZZ,excluded
9938-TKDGL,excluded
1325-USMEC,excluded
0324-BRPCJ,excluded
2235-EZAIK,excluded
9974-JFBHQ,excluded
5214-NLTIT,excluded
5055-BRMNE,excluded
2190-PHBHR,excluded
5208-FVQKB,excluded
6211-WWLTF,excluded
2748-MYRVK,excluded
2969-VAPYH,excluded
3836-FZSDJ,excluded
6559-ILWKJ,excluded
2649-HWLYB,excluded
6904-JLBGY,excluded
0769-MURVM,excluded
9253-VIFJQ,excluded
7030-FZTFM,excluded
1194-BHJYC,excluded
0906-QVPMS,excluded
6248-BSHKG,excluded
1209-VFFOC,excluded
4553-DVPZG,excluded
7572-KPVKK,excluded
7103-ZGVNT,excluded
2027-WKXMW,excluded
2961-VNFKL,excluded
6963-KQYQB,excluded
8316-BBQAY,excluded
1166-PQLGG,excluded
0017-IUDMW,excluded
9955-QOPOY,excluded
5446-DKWYW,excluded
9031-ZVQPT,excluded
2990-IAJSV,excluded
7602-DBTOU,excluded
5457-COLHT,excluded
5451-YHYPW,excluded
7998-WNZEM,excluded
9625-RZFUK,excluded
5153-LXKDT,excluded
5161-UBZXI,excluded
0565-JUPYD,excluded
8207-VVMYB,excluded
2121-JAFOM,excluded
2632-UCGVD,excluded
5445-PZWGX,excluded
1227-UDMZR,excluded
2167-FQSTQ,excluded
9135-HSWOC,excluded
6425-YQLLO,excluded
2789-CZANW,excluded
3740-RLMVT,excluded
7729-XBTWX,excluded
8908-NMQTX,excluded
8413-YNHNV,excluded
6333-YDVLT,excluded
5324-KTGCG,excluded
5743-KHMNA,excluded
3244-CQPHU,excluded
2674-MLXMN,excluded
2200-DSAAL,excluded
4302-ZYFEL,excluded
0595-ITUDF,excluded
6741-QRLUP,excluded
4737-HOBAX,excluded
2718-YSKCS,excluded
9896-UYMIE,excluded
6980-CDGFC,excluded
7691-XVTZH,excluded
1088-CNNKB,excluded
5502-RLUYV,excluded
7663-YJHSN,excluded
4915-BFSXL,excluded
3086-RUCRN,excluded
2824-DXNKN,excluded
5227-JSCFE,excluded
8042-RNLKO,excluded
0420-TXVSG,excluded
3486-HOOGQ,excluded
3716-LRGXK,excluded
3134-DSHVC,excluded
7821-DPRQE,excluded
2001-EWBQU,excluded
6695-AMZUF,excluded
1619-YWUBB,excluded
9541-ZPSEA,excluded
3873-WOSBC,excluded
7975-JMZNT,excluded
7251-XFOIL,excluded
8259-DZLIZ,excluded
9489-JMTTN,excluded
0575-CUQOV,excluded
2830-LEWOA,excluded
6917-FIJHC,excluded
5329-KRDTM,excluded
0707-HOVVN,excluded
8580-QVLOC,excluded
4077-HWUYD,excluded
1945-XISKS,excluded
5360-LJCNJ,excluded
4355-HBJHH,excluded
5339-TJFEK,excluded
4625-XMOYM,excluded
5914-XRFQB,excluded
5322-TEUJK,excluded
1866-DIOQZ,excluded
8375-KVTHK,excluded
6377-WHAOX,excluded
6855-VLGOS,excluded
8999-XXGNS,excluded
0471-ARVMX,excluded
0825-CPPQH,excluded
6122-LJADA,excluded
2400-XIWIO,excluded
7524-VRLPL,excluded
7569-NMZYQ,excluded
2211-RMNHO,excluded
1240-HCBOH,excluded
8065-BVEPF,excluded
3796-ENZGF,excluded
2889-FPWRM,excluded
0626-QXNGV,excluded
6723-CEGQI,excluded
9499-XPZXM,excluded
8513-OLYGY,excluded
8755-IWJHN,excluded
0929-PECLO,excluded
3680-CTHUH,excluded
1820-DJFPH,excluded
9470-YFUYI,excluded
5458-CQJTA,excluded
5172-RKOCB,excluded
6616-AALSR,excluded
9415-ZNBSX,excluded
3884-UEBXB,excluded
8218-FFJDS,excluded
6305-YLBMM,excluded
8024-XNAFQ,excluded
2988-GBIVW,excluded
0129-KPTWJ,excluded
8166-ZZTFS,excluded
0016-QLJIS,excluded
7508-DQAKK,excluded
5176-OLSKT,excluded
8979-CAMGB,excluded
7581-EBBOU,excluded
2192-CKRLV,excluded
3154-HMWUU,excluded
6522-OIQSX,excluded
1052-QJIBV,excluded
9298-WGMRW,excluded
8544-JNBOX,excluded
6139-ZZRBQ,excluded
2072-ZVJJX,excluded
3569-VLDHH,excluded
8224-KDLKN,excluded
1043-UXOVO,excluded
3996-ZNWYK,excluded
5795-BKOYE,excluded
7608-RGIRO,excluded
8760-ZRHKE,excluded
6749-UTDVX,excluded
7067-KSAZT,excluded
3892-NXAZG,excluded
0988-AADSA,excluded
5734-EJKXG,excluded
6729-FZWSY,excluded
8348-JLBUG,excluded
2664-XJZNO,excluded
3339-EAQNV,excluded
6857-TKDJV,excluded
2360-RDGRO,excluded
1360-XFJMR,excluded
0902-XKXPN,excluded
7515-LODFU,excluded
0868-VJRDR,excluded
8041-TMEID,excluded
9475-NNDGC,excluded
8125-QPFJD,excluded
8404-VIOMB,excluded
5304-EFJLP,excluded
8639-NHQEI,excluded
7161-DFHUF,excluded
8565-WUXZU,excluded
0562-FGDCR,excluded
8242-PDSGJ,excluded
0264-CNITK,excluded
7839-NUIAA,excluded
5966-EMAZU,excluded
0440-EKDCF,excluded
2055-BFOCC,excluded
2272-WUSPA,excluded
4973-MGTON,excluded
2197-OMWGI,excluded
1987-AUELQ,excluded
4822-LPTYJ,excluded
8165-CBKXO,excluded
7124-UGSUR,excluded
4827-DPADN,excluded
5846-ABOBJ,excluded
5360-XGYAZ,excluded
8920-NAVAY,excluded
0567-XRHCU,excluded
2067-QYTCF,excluded
0052-DCKON,excluded
3654-ARMGP,excluded
3528-HFRIQ,excluded
6928-ONTRW,excluded
2599-CIPQE,excluded
8774-GSBUN,excluded
0254-FNMCI,excluded
7762-URZQH,excluded
6094-ZIVKX,excluded
3262-EIDHV,excluded
6892-BOGQE,excluded
9402-ROUMJ,excluded
7159-NOKYQ,excluded
6266-QHOJZ,excluded
0363-SVHYR,excluded
9070-BCKQP,excluded
7113-HIPFI,excluded
9258-CNWAC,excluded
5317-FLPJF,excluded
8199-ZLLSA,excluded
3850-OKINF,excluded
4119-ZYPZY,excluded
6408-OTUBZ,excluded
3727-OVPRY,excluded
6196-HBOBZ,excluded
3970-XGJDU,excluded
8092-NLTGF,excluded
2252-JHJGE,excluded
0361-HJRDX,excluded
5727-MYATE,excluded
7570-WELNY,excluded
3507-GASNP,excluded
7096-ZNBZI,excluded
1676-MQAOA,excluded
0786-IVLAW,excluded
7566-DSRLQ,excluded
6050-IJRHS,excluded
1841-YSJGV,excluded
3511-BFTJW,excluded
5336-UFNZP,excluded
1241-EZFMJ,excluded
5376-PCKNB,excluded
2056-EVGZL,excluded
8777-MBMTS,excluded
5902-WBLSE,excluded
5115-GZDEL,excluded
2615-YVMYX,excluded
4393-GEADV,excluded
8634-CILSZ,excluded
9309-BZGNT,excluded
4274-DRSQT,excluded
2885-HIJDH,excluded
7673-BQGKU,excluded
6723-WSNTY,excluded
0394-YONDK,excluded
7399-QHBJS,excluded
9479-HYNYL,excluded
3642-GKTCT,excluded
0774-RMNUW,excluded
1334-PDUKM,excluded
5647-FXOTP,excluded
9110-HSGTV,excluded
0704-VCUMB,excluded
2535-PBCGC,excluded
9866-OCCKE,excluded
7718-UPSKJ,excluded
3327-YBAKM,excluded
6283-GITPX,excluded
0771-CHWSK,excluded
9788-HNGUT,excluded
5375-XLDOF,excluded
1460-UZPRJ,excluded
0485-ZBSLN,excluded
3810-PJUHR,excluded
0847-HGRML,excluded
8232-CTLKO,excluded
9227-YBAXE,excluded
4043-MKDTV,excluded
2162-FRZAA,excluded
9715-WZCLW,excluded
9786-YWNHU,excluded
4049-ZPALD,excluded
3733-UOCWF,excluded
2722-VOJQL,excluded
7173-TETGO,excluded
7929-SKFGK,excluded
3563-SVYLG,excluded
6435-VWCCY,excluded
9488-FVZCC,excluded
3512-IZIKN,excluded
2481-SBOYW,excluded
1832-PEUTS,excluded
5696-CEIQJ,excluded
1696-HXOWK,excluded
4012-YCFAI,excluded
1221-GHZEP,excluded
9289-LBQVU,excluded
6726-NNFWD,excluded
2725-TTRIQ,excluded
4419-UJMUS,excluded
2799-TSLAG,excluded
7139-JZFVG,excluded
6010-DDPPW,excluded
6586-MYGKD,excluded
0248-PGHBZ,excluded
7472-EQOAV,excluded
5985-BEHZK,excluded
9644-KVCNC,excluded
2137-DQMEV,excluded
8029-XYPWT,excluded
6804-GDMOI,excluded
2990-OGYTD,excluded
4589-IUAJB,excluded
8838-GPHZP,excluded
8750-QWZAJ,excluded
0675-NCDYU,excluded
1346-PJWTK,excluded
2302-OUZXB,excluded
9107-UKCKY,excluded
4654-ULTTN,excluded
1492-KGETH,excluded
2225-ZRGSG,excluded
5271-YNWVR,excluded
5982-XMDEX,excluded
3913-FCUUW,excluded
3301-VKTGC,excluded
5286-YHCVC,excluded
4462-CYWMH,excluded
4423-JWZJN,excluded
4942-VZZOM,excluded
1576-PFZIW,excluded
5666-MBJPT,excluded
0674-GCDXG,excluded
6370-ZVHDV,excluded
3566-CAAYU,excluded
0336-KXKFK,excluded
5327-XOKKY,excluded
1813-JYWTO,excluded
1984-FCOWB,excluded
5287-QWLKY,excluded
0795-XCCTE,excluded
6297-NOOPG,excluded
8169-SAEJD,excluded
8707-HOEDG,excluded
7167-PCEYD,excluded
4817-KEQSP,excluded
6408-WHTEF,excluded
4199-QHJNM,excluded
8882-TLVRW,excluded
5135-GRQJV,excluded
3580-GICBM,excluded
7480-SPLEF,excluded
1265-XTECC,excluded
1972-XMUWV,excluded
3407-JMJQQ,excluded
8645-KOMJQ,excluded
4291-TPNFG,excluded
6087-YPWHO,excluded
8661-BOYNW,excluded
7233-DRTRF,excluded
1162-ECVII,excluded
1555-HAPSU,excluded
2419-FSORS,excluded
6754-LZUKA,excluded
3197-NNYNB,excluded
3396-DKDEL,excluded
1752-OZXFY,excluded
9066-QRSDU,excluded
5321-NTRKC,excluded
0402-OAMEN,excluded
5055-MGMGF,excluded
1534-OULXE,excluded
7136-RVDTZ,excluded
9391-YZEJW,excluded
9958-MEKUC,excluded
0281-CNTZX,excluded
9114-VEPUF,excluded
8241-JUIQO,excluded
2194-IIQOF,excluded
2296-DKZFP,excluded
0383-CLDDA,excluded
1635-NZATJ,excluded
0562-HKHML,excluded
9943-VSZUV,excluded
9402-CXWPL,excluded
9500-WBGRP,excluded
5183-KLYEM,excluded
6625-IUTTT,excluded
5965-GGPRW,excluded
2236-HILPA,excluded
1830-IPXVJ,excluded
5828-DWPIL,excluded
8398-TBIYD,excluded
1414-YADCW,excluded
8756-RDDLT,excluded
7169-YWAMK,excluded
2957-JIRMN,excluded
9800-OUIGR,excluded
2324-EFHVG,excluded
0687-ZVTHB,excluded
2193-SFWQW,excluded
5656-JAMLX,excluded
3779-OSWCF,excluded
6736-DHUQI,excluded
3915-ODIYG,excluded
4250-ZBWLV,excluded
9090-SGQXL,excluded
9835-ZIITK,excluded
7537-CBQUZ,excluded
1555-DJEQW,excluded
0487-RPVUM,excluded
0613-WUXUM,excluded
6013-BHCAW,excluded
0401-WDBXM,excluded
6096-EGVTU,excluded
2580-ATZSQ,excluded
8085-MSNLK,excluded
1468-DEFNC,excluded
0916-KNFAJ,excluded
9625-QNLUX,excluded
4024-CSNBY,excluded
7110-BDTWG,excluded
9114-DPSIA,excluded
7711-GQBZC,excluded
4627-MIHJH,excluded
9795-NREXC,excluded
5553-AOINX,excluded
3831-YCPUO,excluded
3308-DGHKL,excluded
9924-JPRMC,excluded
0623-EJQEG,excluded
3896-RCYYE,excluded
3726-TBHQT,excluded
4833-QTJNO,excluded
5010-IPEAQ,excluded
8990-YOZLV,excluded
6685-XSHHU,excluded
8901-UPRHR,excluded
9000-PLFUZ,excluded
0201-MIBOL,excluded
4937-QPZPO,excluded
2925-VDZHY,excluded
4718-WXBGI,excluded
2868-LLSKM,excluded
2988-QRAJY,excluded
1090-PYKCI,excluded
0909-SELIE,excluded
1599-MMYRQ,excluded
8821-KVZKQ,excluded
0130-SXOUN,excluded
1452-UZOSF,excluded
2097-YVPKN,excluded
8597-CTXVJ,excluded
6631-HMANX,excluded
0665-XHDJU,excluded
8265-HKSOW,excluded
3544-FBCAS,excluded
3428-MMGUB,excluded
6549-BTYPG,excluded
3705-RHRFR,excluded
9933-QRGTX,excluded
4476-OSWTN,excluded
2661-GKBTK,excluded
7268-WNTCP,excluded
0885-HMGPY,excluded
7208-PSIHR,excluded
9053-JZFKV,excluded
2530-ENDWQ,excluded
0864-FVJNJ,excluded
3967-VQOGC,excluded
7872-RDDLZ,excluded
6308-CQRBU,excluded
0186-CAERR,excluded
2169-RRLFW,excluded
5872-OEQNH,excluded
8946-BFWSG,excluded
3249-VHRIP,excluded
4701-LKOZD,excluded
4378-MYPGO,excluded
8651-ENBZX,excluded
4129-LYCOI,excluded
3214-IYUUQ,excluded
1936-UAFEH,excluded
8079-XRJRS,excluded
1027-LKKQQ,excluded
2845-KDHVX,excluded
0848-SOMKO,excluded
6734-FQAJX,excluded
1293-BSEUN,excluded
1302-TPUBN,excluded
2378-VTKDH,excluded
6656-GULJQ,excluded
6994-FGRHH,excluded
3999-WRNGR,excluded
3259-FDWOY,excluded
7921-BEPCI,excluded
3258-ZKPAI,excluded
5298-GSTLM,excluded
5748-RNCJT,excluded
6121-TNHBO,excluded
6519-ZHPXP,excluded
9610-WCESF,excluded
3865-ZYKAD,excluded
0480-KYJVA,excluded
6034-ZRYCV,excluded
6332-FBZRI,excluded
7560-QJAVJ,excluded
0254-WWRKD,excluded
8782-NUUOL,excluded
4868-AADLV,excluded
1150-FTQGN,excluded
3518-FSTWG,excluded
9330-VOFSZ,excluded
5921-NGYRH,excluded
5998-DZLYR,excluded
4753-PADAS,excluded
7781-EWARA,excluded
5135-RDDQL,excluded
6166-YIPFO,excluded
4184-VODJZ,excluded
4957-SREEC,excluded
0230-UBYPQ,excluded
1444-VVSGW,excluded
8050-XGRVL,excluded
3908-MKIMJ,excluded
6728-VOIFY,excluded
4891-NLUBA,excluded
1548-FEHVL,excluded
3795-CAWEX,excluded
6258-PVZWJ,excluded
6953-PBDIN,excluded
3938-YFPXD,excluded
9558-IHEZX,excluded
7426-GSWPO,excluded
3118-UHVVQ,excluded
5702-KVQRD,excluded
0083-PIVIK,excluded
4909-JOUPP,excluded
7632-MNYOY,excluded
4086-WITJG,excluded
9888-ZCUMM,excluded
6437-UDQJM,excluded
1122-YJBCS,excluded
0898-XCGTF,excluded
8722-PRFDV,excluded
1705-GUHPV,excluded
3967-KXAPS,excluded
3704-IEAXF,excluded
4940-KHCWD,excluded
9589-ABEPT,excluded
4670-TABXH,excluded
8561-NMTBD,excluded
6253-GNHWH,excluded
8107-RZLNV,excluded
2452-MRMZF,excluded
4989-LIXVT,excluded
2509-TFPJU,excluded
9530-GRMJG,excluded
5481-NTDOH,excluded
7359-SSBJK,excluded
2380-DAMQP,excluded
2256-YLYLP,excluded
6365-HITVU,excluded
7558-IMLMT,excluded
9488-FYQAU,excluded
6500-JVEGC,excluded
8469-SNFFH,excluded
7471-MQPOS,excluded
5115-SQAAU,excluded
9739-JLPQJ,excluded
6120-RJKLU,excluded
5893-KCLGT,excluded
3090-HAWSU,excluded
8441-SHIPE,excluded
1320-GVNHT,excluded
8071-SBTRN,excluded
4323-OHFOW,excluded
0617-AQNWT,excluded
0270-THENM,excluded
4707-MAXGU,excluded
8444-WRIDW,excluded
1036-GUDCL,excluded
7964-ZRKKG,excluded
0531-XBKMM,excluded
3508-CFVZL,excluded
5146-YYFRZ,excluded
5297-MDOIR,excluded
6369-MCAKO,excluded
6848-HJTXY,excluded
6341-AEVKX,excluded
6976-BWGLQ,excluded
8065-QBYTO,excluded
2363-BJLSL,excluded
6211-WHMYA,excluded
0530-IJVDB,excluded
8213-TAZPM,excluded
1304-SEGFY,excluded
2904-GGUAZ,excluded
6257-DTAYD,excluded
4616-ULAOA,excluded
5996-EBTKM,excluded
2314-TNDJQ,excluded
2405-LBMUW,excluded
3454-JFUBC,excluded
6797-LNAQX,excluded
2898-MRKPI,excluded
2451-YMUXS,excluded
7789-CRUVC,excluded
5130-YPIRV,excluded
6439-PKTRR,excluded
8468-FZTOE,excluded
0218-QNVAS,excluded
0052-YNYOT,excluded
9586-JGQKH,excluded
2274-XUATA,excluded
6691-CCIHA,excluded
7203-OYKCT,excluded
1035-IPQPU,excluded
9281-CEDRU,excluded
0639-TSIQW,excluded
2569-WGERO,excluded
2234-XADUH,excluded
3186-AJIEK,excluded
